MASTER_CLIENT_CODE,RO_NO,RO_NO_CLIENT_CODE,MASTER_CLIENT_NAME,ATTACHMENT1,ATTACHMENT2
16561,10301/11/0102/1819,10301,"DEFENCE RESEARCH & DEV ORGANISATION, NEW DELHI",,
18379,32201/11/0006/1819,32201,DEPARTMENT OF PERSONNEL & TRAINING DELHI,,
18384,17102/13/0033/1819,17102,FAMILY WELFARE DELHI,,
18526,15502/13/0028/1819,15502,"CUSTOMS & CENTRAL EXCISE, NEW DELHI",,
145166,38117/13/0064/1819,38117,"DEPARTMENT OF DISABILITY AFFAIRS., [NEW DELHI]",,
16850,22202/13/0004/1819,22202,"MINISTRY OF INFORMATION & BROADCASTING, NEW DELHI",,
92436,19112/11/0125/1819,19112,"INDO TIBETAN BORDER POLICE,[KANPUR]",,
198235,07120/13/0001/1819,07120,"INDIAN INSTT. OF CORPORATE AFFAIRS ,GURGAON",,
18718,07101/11/0022/1819,07101,MINISTRY OF CORPORATE AFFAIRS NEW DELHI,,
16154,21103/11/0029/1819A,21103,"NATIONAL BOOK TRUST ,DELHI",,
37718,19112/11/0136/1819,19112,"INDO TIBETAN BORDER POLICE,[NEW DELHI]",,
AI1,17134/11/0003/1819,17134,"AIIPMR,MUMBAI",,
D/0,06224/11/0001/1819,06224,"D/O TELECOMMUNICATION,MEERUT",,
61321,54110/13/0002/1819,54110,"UNIQUE IDENTIFICATION AUTHORITY OF INDIA,[NEW DELHI]",,
38863,07104/11/0036/1819,07104,"OFFICE LIQUIDATOR,[NEW DELHI]",,
122774,17112/11/0042/1819,17112,"ALL INDIA INSTITUTE OF MEDICAL SCIENCES,[DELHI]",,
21204,27101/13/0070/1819,27101,"MINISTRY OF MINORITY AFFAIRS, [NEW DELHI]",,
162248,10203/11/0008/1819,10203,"DGQA[GOVT.OF.INDIA,MIN OF DEFENCE ] ,[KANPUR]",,
194546,06305/13/0001/1819,06305,"BUSINESS DEVELOPMENT & MKTG DTE ,DELHI",,
16502,34106/11/0011/1819,34106,"BUREAU OF ENERGY EFFICIENCY, NEW DELHI",,
16469,17112/11/0044/1819,17112,"ALL INDIA INST OF MEDICAL SCIENCES, NEW DELHI",,
50991,15102/11/0021/1819,15102,"PENSION FUNDS REGULATORY & DEV. AUTHORITY,[NEW DELHI]",,
215671,21340/11/0001/1819,21340,"MAHARISHI SANDIPANI RASTRIYA VEDVIDYA PRATISTHAN ,UJJAIN",,
18778,19112/11/0145/1819,19112,INDO TIBETAN BORDER POLICE ALMORA [UTTARAKHAND],,
177129,21104/11/0008/1819,21104,"NATIONAL COUNCIL FOR EDUCATIONAL RES AND TRAINING ,NEW DELHI",,
16955,10202/11/0034/1819,10202,"ORDNANCE DEPOT, NEW DELHI",,
173958,13101/11/0021/1819,13101,"MINISTRY OF ENVIRONMENT & FOREST ,NEW DELHI ",,
116513,17216/11/0013/1819,17216,"CENTRAL COUNCIL FOR RESEARCH IN AYUVEDIC SCIENCE[GOVT. OF INDIA],[NEW DELHI]",,
18360,28101/13/0013/1819,28101,MINISTRY OF NEW & RENEWABLE ENERGY[DELHI],,
152140,05216/11/0001/1819,05216,"MINISTRY OF COMMERCE & INDUSTRIES ,NEW DELHI",,
16108,01146/11/0003/1819,01146,M/O AGRICULTURE & FARMER WELFARE KRISHI VISTRA SAD,,
15803,17201/11/0021/1819,17201,"DEPT OF AYUSH, NEW DELHI",,
74350,10119/11/0023/1819,10119,"COAST GUARD SELECTION BOARD,[NOIDA]",,
22398,47117/11/0005/1819,47117,"MINISTRY OF YOUTH AFFAIRS & SPORTS, [NEW DELHI]",,
16599,01101/13/0026/1819,01101,"DEPT OF AGRICULTURE & COOPERATION, NEW DELHI",,
18661,41102/13/0046/1819A,41102,"DEVELOPMENT COMMISSIONER HANDLOOMS ,NEW DELHI",,
16773,19112/13/0093/1819,19112,"INDO TIBET BORDER POLICE FORCE, NEW DELHI",,
16527,19111/11/0465/1819,19111,"CENTRAL RESERVE POLICE FORCE, NEW DELHI",,
16135,46101/13/0022/1819,46101,"MINISTRY OF WOMEN & CHILD DEVELOPMENT, NEW DELHI",,
16526,13113/13/0012/1819A,13113,"CENTRAL POLLUTION CONTROL BOARD ,NEW DELHI",,
40259,15204/11/0162/1819,15204,"SECURITIES AND EXCHANGE BOARD OF INDIA,[NEW DELHI]",,
15736,09127/11/0011/1819,09127,"CENTRE FOR CULTURAL RESOURCE & TRAINING, NEW DELHI",,
38777,22202/13/0017/1819,22202,"INFORMATION AND BROADCASTING NON-PLAN FUNDS DAVP,[NEW DELHI]",,
18634,41103/11/0016/1819,41103,"DEVELOPMENT COMMISSIONER HANDICRAFTS, ,NEW DELHI",,
86189,19112/11/0292/1819,19112,"INDO TIBETAN BORDER POLICE,[PITHORAGARH]",,
19992,10202/11/0042/1819,10202,CENTRAL ORDNANCE DEPOT[ALLAHABAD],,
120091,10301/11/0175/1819,10301,"DEPTT. OF DEFENCE RESEARCH & DEVELOPMENT/DRDO, MOD, DRDO,[DEHRADUN]",,
201942,06134/11/0011/1819,06134,"C-DAC ,MOHALI",,
18777,10801/13/0052/1819,10801,INDIAN AIR FORCE [RECTT.] PUBLICITY CELL NEW DELHI,,
CE13,19111/11/0588/1819,19111,"CENTRAL RESERVE POLICE FORCE,NOIDA,UP",,
18568,20101/13/0014/1819,20101,"MINISTRY OF HOUSING AND URBAN POVERTY ALLEVIATION [NBO],NEW DELHI",,
16129,41102/13/0053/1819A,41102,MINISTRY OF TEXTILES INDIAN INSTT. OF HANDLOOM,,
16847,17102/13/0057/1819,17102,"MINISTRY OF HEALTH & FAMILY WELFARE, NEW DELHI",,
IN92,19112/11/0324/1819,19112,"INDO TIBETAN BORDER POLICE FORCE,DEHRADUN,UK",,
16662,22209/11/0014/1819,22209,"DIRECTORATE OF FILM FESTIVALS, NEW DELHI",,
15881,23111/11/0026/1819,23111,"ESIC EMPLOYEE STATE  INSURANCE CORP, NEW DELHI",,
98854,17149/11/0002/1819,17149,"RAJKUMARI AMRIT KAUR COLLEGE OF NURSING,[NEW DELHI]",,
170035,19112/11/0375/1819,19112,"INDO TIBETAN BORDER POLICE-ESTABLISHMENT ,CHAMPAVAT",,
15762,36202/11/0024/1819,36202,"CSIR-COUNCIL OF SCIENTIFIC& INDUS RES, NEW DELHI",,
18721,21201/13/0018/1819,21201,DEPARTMENT OF HIGHER EDUCATION NEW DELHI,,
18359,15401/13/0063/1819,15401,DEPARTMENT OF INCOME TAX[DELHI],,
16130,42101/13/0032/1819,42101,"MINISTRY OF TOURISM, NEW DELHI",,
76708,19112/11/0422/1819,19112,"INDO TIBETAN BORDER POLICE,[SEMADWAR DEHRADUN]",,
48533,17163/11/0022/1819,17163,"FOOD SAFETY & STANDARDS AUTHORITY OF INDIA,[NEW DELHI]",,
18935,26101/11/0005/1819,26101,MINISTRY OF MINES NEW DELHI,,
16279,31202/11/0009/1819,31202,"RAJYA SABHA SACHIVALAYA, NEW DELHI",,
O/0,51101/11/0010/1819,51101,"O/O COMPTROLLER%AUDITOR GENERAL OF INDIA,NEW DELHI",,
118218,19112/11/0474/1819,19112,"INDO TIBETAN BORDER POLICE,[CHAMOLI]",,
MI82,20105/13/0034/1819,20105,"MINISTRY OF HOUSING AND URBAN AFFAIRS,NEW DELHI",,
16126,38101/11/0093/1819 ,38101,"MINISTRY OF SOCIAL JUSTICE & EMPOWERMENT, NEW DELHI",,
126102,25113/11/0074/1819,25113,"MSME DEVELOPMENT INSTITUTE,[KANPUR]",,
153723,45121/13/0018/1819,45121,"NATIONAL MISSION FOR CLEAN GANGA ,DELHI",,
19129,23109/13/0007/1819,23109,EMPLOYEES PROVIDENT FUND ORGANISATION NEW DELHI,,
41431,21107/11/0020/1819,21107,"CENTRAL BOARD OF SECONDARY EDUCATION,[NEW DELHI]",,
32689,21101/13/0008/1819,21101,"DEPTT. OF SCHOOL EDUCATION & LITRACY, EE 8 SECTION,[NEW DELHI]",,
16697,52101/13/0041/1819,52101,"ELECTION COMMISSION OF INDIA, NEW DELHI",,
17051,06202/13/0031/1819,06202,"TELECOM REGULATORY AUTHORITY OF INDIA, NEW DELHI",,
15817,17101/11/0040/1819,17101,"DEPT OF HEALTH & FAMILY WELFARE, NEW DELHI",,
32691,10802/11/0101/1819,10802,"INDIAN AIR FORCE [CL],[NEW DELHI]",,
109978,19112/11/0542/1819,19112,"INDO TIBETAN BORDER POLICE,[LOHAGAHT]",,
UN42,21313/11/0002/1920,21313,UNIVERSITY OF HYDERABAD,,
233885,03110/11/0003/1920,03110,"RAJIV GANDHI NATIONAL AVIATION UNIVERSITY ,GURGAON",,
15970,10701/11/0002/1920,10701,"INDIAN ARMY, NEW DELHI",,
187934,10201/11/0011/1920,10201,"MINISTRY OF DEFENCE  ,ORDNANCE FACTORY BOARD,",,
205785,06146/11/0005/1920,06146,"NIELIT [GORAKHPUR] ,GORAKHPUR",,DNA1201900008697.pdf
15487,15204/11/0058/1920,15204,"SECURITIES AND EXCHANGE BOARD OF INDIA, MUMBAI",,DNA1201900008888.pdf
15818,15401/13/0007/1920,15401,"DEPT OF INCOME TAX, NEW DELHI",,DNA1201900008901.pdf
16921,09130/11/0016/1920,09130,"NATIONAL SCHOOL OF DRAMA, NEW DELHI",,DNA1201900009620.pdf
209896,15405/11/0001/1920,15405,"DIRECTORATE OF REVENUE INTELLIGENCE ,NEW DELHI",,DNA1201900009854.pdf
33470,10701/11/0009/1920,10701,"INDIAN NAVY[RECTT.] IHQ MOD [NAVY] DMPR, [NEW DELHI]",,DNA1201900009980.pdf
15968,10801/13/0010/1920,10801,"INDIAN AIR FORCE, NEW DELHI",,DNA1201900009941.pdf
207708,06224/11/0002/1920,06224,"TELECOM ENFORCEMENT, RESOURCES & MONITORING CELL ,MEERUT",,DNA1201900009541.pdf
29475,19112/11/0142/1920,19112,"INDO TIBETAN BORDER POLICE MASURI,[UTTARAKHAND]",,DNA1201900009348.pdf
81962,21316/11/0003/1920,21316,"CENTRAL UNIVERSITY OF RAJASTHAN,[JAIPUR]",,
CO116,06241/11/0001/1920,06241,CONTROLLER OF COMMUNICATION ACOUNTS DEHRADUN,,DNA1201900009586.pdf
214129,06149/11/0003/1920,06149,"NIELIT [HARIDWAR] ,DEHRADUN",,DNA1201900010986.pdf
15977,10701/11/0015/1920,10701,"INDIAN NAVY, NEW DELHI",,DNA1201900010571.pdf
NA251,15112/11/0002/1920,15112,"NATIONAL PENSION SYSTEM TRUST,NEW DELHI",,DNA1201900010785.pdf
216363,06146/11/0014/1920,06146,"NATIONAL INSTITUTE OF ELECTRONICS AND INFORMATION TECH. ,GORAKHPUR",,DNA1201900010240.pdf
98553,54110/13/0004/1920,54110,"UNIQUE IDENTIFICATION AUTHORITY OF INDIA,[LUCKNOW]",,DNA1201900010553.pdf
7382,36122/11/0001/1920,36122,"WADIA INST OF HIMALAYAN GEOLOGY, DEHRADUN",,DNA1201900010867.pdf
151912,33112/11/0006/1920,33112,"PETROLEUM & NATURAL GAS REGULATORY BOARD ,NEW DELHI",,DNA1201900010451.pdf
55366,10405/11/0002/1920,10405,"KENDRIYA SAINIK BOARD,[NEW DELHI]",,DNA1201900011651.pdf
93843,25113/13/0015/1920,25113,"MINISTRY OF MICRO SMALL AND MEDIUM ENTERPRISES,[NEW DELHI]",,DNA1201900011152.pdf
19998,19106/13/0004/1920,19106,"NATIONAL DISASTER MANAGEMENT AUTHORITY,[ NEW DELHI]",,DNA1201900011372.pdf
18604,07104/11/0022/1920,07104,"OFFICIAL LIQUIDATOR HIGH COURT OF DELHI, NEW DELHI",,DNA1201900012369.pdf
62248,10702/11/0101/1920,10702,"INDIAN NAVY [CL],[NEW DELHI]",,DNA1201900012289.pdf
76722,54110/11/0002/1920,54110,"UIDAI,[LUCKNOW]",,DNA1201900011797.pdf
142753,11104/11/0004/1920,11104,"NORTH EASTERN COUNCIL, MINISTRY OF DONER, [SHILLONG]",,DNA1201900011986.pdf
18644,10602/11/0024/1920,10602,INTEGRATED HQRS MOD [ARMY] NEW DELHI,,DNA1201900011741.pdf
16600,01201/11/0001/1920,01201,"DEPT OF ANIMAL HUSBANDRY, NEW DELHI",,DNA1201900011915.pdf
NA474,47117/11/0001/1920,47117,"NATIONAL ANTI DOPING AGENCYNADA,NEW DELHI",,DNA1201900013319.pdf
111433,07102/11/0020/1920,07102,"SERIOUS FRAUD INVESTIGATION OFFICE,[NEW DELHI]",,DNA1201900013025.pdf
AI23,17112/11/0030/1920,17112,"AIIMS,NEW DELHI",,DNA1201900012833.pdf
18435,19112/11/0275/1920,19112,"INDO TIBETAN BORDER POLICE,[SHIMLA]",,DNA1201900013350.pdf
16498,22113/11/0009/1920,22113,"BROADCAST ENGI  CONSULTENT INDIA LTD, NEW DELHI",,DNA1201900013203.pdf
52572,21212/11/0005/1920,21212,"RASHTRIYA SANSKRIT SANSTHAN,[NEW DELHI]",,DNA1201900012608.pdf
IB8,22201/13/0001/1920,22201,"I&B PLAN FUNDS,NEW DELHI",,DNA1201900013707.pdf
151634,63101/13/0004/1920,63101,"MINISTRY OF SKILL DEVELOPMENT & ENTREPRENEURSHIP ,NEW DELHI",,DNA1201900013784.pdf
92435,10301/11/0057/1920,10301,"DEFENCE RESEARCH & DEVELOPMENT /DRDO,[CHANDIGARH]",,DNA1201900013735.pdf
DE431,49101/13/0001/1920,49101,"DEPTT. OF SPACE,NEW DELHI",,DNA1201900014112.pdf
77732,43104/11/0018/1920,43104,"TRIFED-TRIBAL COOP MKTG.DEVP.FED. OF INDIA,[NEW DELHI]",,DNA1201900014353.pdf
16518,20105/11/0003/1920,20105,"CENTRAL GOVT EMPLOYEE WELF HOU ORG, NEW DELHI",,DNA1201900014270.pdf
NA39,21354/11/0001/1920,21354,"NATIONAL TESTING AGENCY,NEW DELHI",,DNA1201900014688.pdf
40808,10702/11/0127/1920,10702,"INDIAN NAVY [CL] DOCKYARD APPERINTICE SCHOOL,[MUMBAI]",,DNA1201900014557.pdf
16110,02101/11/0005/1920,02101,"MINISTRY OF CHEMICAL & FERTILIZER, NEW DELHI",,DNA1201900014307.pdf
228484,06146/11/0029/1920,06146,"NATIONAL INSTITUTE OF ELECTRONICS & INFORMATION TECHNOLOGY ,LUCKNOW",,DNA1201900014305.pdf
16839,10401/11/0005/1920,10401,"MINISTRY OF DEFENCE, NEW DELHI",,DNA1201900015618.pdf
DE460,02201/13/0002/1920,02201,"DEPTT. OF FERTILIZERS,NEW DELHI",,DNA1201900015760.pdf
16439,36103/11/0004/1920,36103,"VIGYAN PRASAR , NEW DELHI",,DNA1201900015684.pdf
16851,23101/13/0026/1920,23101,"MINISTRY OF LABOUR & EMPLOYMENT, NEW DELHI",,DNA1201900015197.pdf
151756,17201/11/0027/1920,17201,"MINISTRY OF AYUSH ,NEW DELHI",,DNA1201900015485.pdf
NI156,06102/11/0022/1920,06102,"NIELIT,HARYANA",,DNA1201900015509.pdf
38775,33104/11/0003/1920,33104,"MINISTRY OF PETROLIUM AND NATURAL GAS ,NEW DELHI",,DNA1201900016073.pdf
42086,10401/11/0006/1920,10401,DEPT OF EX-SERVICEMEN WELFARE [NEW DELHI],,DNA1201900016463.pdf
125504,10201/11/0049/1920,10201,"ORDNANCE FACTORIES BOARD,[FIROZABAD]",,DNA1201900016279.pdf
115238,19112/1/0338/1920,19112,"INDO TIBETAN BORDER POLICE,[KARTARPUR]",,DNA1201900016831.pdf
16532,45102/11/0006/1920,45102,"CENTRAL WATER COMMISSION, NEW DELHI",,DNA1201900017591.pdf
16700,23111/13/0010/1920,23111,"EMPLOYEES STATE INSURANCE CORPORATION, NEW DELHI",,DNA1201900018002.pdf
93668,19112/11/0357/1920,19112,"INDO TIBETAN BORDER POLICE,[56 APO]",,DNA1201900017630.pdf
16598,32101/11/0001/1920,32101,"DEPT OF ADMINISTRATIVE REFORM &PUB GRIEV, NEW DELHI",,DNA1201900018667.pdf
160872,19142/13/0004/1920,19142,"LAND PORTS AUTHORITY OF INDIA, ,RITES LTD/AIRPORTS DIVISION",,DNA1201900018553.pdf
17049,36106/11/0007/1920,36106,"TECHNOLOGY DEVELOPMENT BOARD, NEW DELHI",,DNA1201900019388.pdf
17048,15309/11/0002/1920,15309,"TAX RECOVERY OFFICER, NEW DELHI",,DNA1201900019249.pdf
41186,25113/11/0111/1920,25113,"MSME DEVELOPMENT INSTITUTE,[JAMMU]",,DNA1201900019378.pdf
CE41,06134/11/0009/1920,06134,"CENTER FOR MATERIALS FOR ELECTRONICS TEC,MOHALI",,DNA1201900019488.pdf
CE61,06138/11/0005/1920,06138,"CENTRE FOR DEVELOPMENT OF ADVANCE COMPUTING,MUMBAI",,DNA1201900020349.pdf
TH584,06241/11/0004/1920,06241,"THE CONTROLLER OF COMMUNICATION ACCOUTS,DEHRADUN",,DNA1201900020488.pdf
16817,31201/11/0012/1920,31201,"LOK SABHA SECRATRIAT, NEW DELHI",,DNA1201900020111.pdf
18698,19110/11/0087/1920,19110,"BORDER SECURITY FORCE CGO COMPLEX, NEW DELHI",,DNA1201900020935.pdf
17002,19144/13/0003/1920,19144,"SASHASTRA SEEMA BAL, NEW DELHI",,DNA1201900020905.pdf
16813,09105/11/0002/1920,09105,"LALIT KALA ACADEMY,NEW DELHI",,DNA1201900020639.pdf
DE17,10301/11/0118/1920,10301,DEPTT. OF DEFENCE RESEARCH & DEVELOPMENT/DRDO,,DNA1201900020557.pdf
16810,17148/11/0014/1920,17148,"LADY HARDING MEDICAL COLLEGE, NEW DELHI",,DNA1201900021404.pdf
CE6,06132/11/0014/1920,06132,"CENTRE FOR DEVELOPMENT OF ADVANCED COMPUTING,PUNE",,DNA1201900021099.pdf
CO156,51101/11/0014/1920,51101,"COMPTROLLER GENERAL OF INDIA,NEW DELHI",,DNA1201900021382.pdf
82496,25113/11/0145/1920,25113,"MSME DEV. INSTT., [AGRA]",,DNA1201900021137.pdf
19046,25113/11/0186/1920,25113,MSME DEVELOPMENT INSTITUTE AGRA,,DNA1202000000621.pdf
15806,05101/13/0010/1920,05101,"DEPT OF COMMERCE, NEW DELHI",,DNA1202000000943.pdf
59765,36103/11/0009/1920,36103,"VIGYAN PRASAR,[NOIDA]",,DNA1202000000793.pdf
16629,36101/11/0025/1920,36101,"DEPT OF SCIENCE & TECHNOLOGY, NEW DELHI",,DNA1202000002253.pdf
42370,47103/11/0018/1920,47103,"SPORTS AUTHORITY OF INDIA,[NEW DELHI]",,DNA1202000002306.pdf
83692,10301/11/0153/1920,10301,"DEPT OF DEFENCE RESEARCH & DEVELOPMENT/DRDO,[KANPUR]",,DNA1202000001996.pdf
N.20,21104/11/0016/1920,21104,"N.C.E.R.T,NEW DELHI",,DNA1202000002080.pdf
216215,33104/11/0007/1920,33104,"PETROLEUM CONVERSATION RESEARCH ASSOCIATION ,NEW DLEHI",,DNA1202000002208.pdf
16845,16101/13/0008/1920,16101,"MINISTRY OF FOOD PROCESSING INDUS, NEW DELHI",,DNA1202000002085.pdf
16757,17152/11/0030/1920,17152,"INDIAN COUNCIL OF MEDICAL RESEARCH, NEW DELHI",,DNA1202000003266.pdf
16849,19101/11/0025/1920,19101,"MINISTRY OF HOME AFFAIRS, NEW DELHI",,DNA1202000003033.pdf
17050,36114/11/0005/1920,36114,"TECHNOLOGY INFOR FORE & ASSE COUNCIL, NEW DELHI",,DNA1202000003169.pdf
18542,08103/11/0015/1920,08103,"BUREAU OF INDIAN STANDARDS ,NEW DELHI",,DNA1202000003128.pdf
IN377,03104/11/0004/1920,03104,INDIRA GANDHI RASHTRIYA UDAN ACADEMY,,
18552,19141/13/0001/1920,19141,"CENTRAL INDUSTRIAL SECURITY FORCE, NEW DELHI",,DNA1202000003772.pdf
16772,09118/11/0008/1920,09118,"INDIRA GANDHI NATIONAL CENTRE FOR ARTS, NEW DELHI",DNA1202000003663_20200311154334.pdf,DNA1202000003663.eml
121541,19112/11/0469/1920,19112,"INDO TIBETAN BORDER POLICE,[LUCKNOW]",,DNA1202000003600.pdf
16168,19107/13/0015/1920,19107,"NATIONAL INST FOR DISASTERS MGMT, NEW DELHI",,DNA1202000003513.pdf
40419,35301/13/0013/1920,35301,"DEPT OF DRINKING WATER SUPPLY,[NEW DELHI]",,DNA1202000003390.pdf
DE656,17301/13/0021/1920,17301,"DEPT OF HEALTH RESEARCH,NEW DELHI",,DNA1202000004480.pdf
UN83,21205/11/0016/1920,21205,"UNIVERSITY GRANT COMMISSION,NEW DELHI",,DNA1202000004184.pdf
16859,35101/11/0016/1920,35101,"MINISTRY OF RURAL DEVELOPMENT, NEW DELHI",,DNA1202000004149.pdf
18725,25113/11/0003/2021,25113,MSME DEVELOPMENT INSTITUTE NEW DELHI,,DNA1202000004931.pdf
16604,08101/13/0001/2021,08101,"DEPT OF CONSUMER AFFAIRS, NEW DELHI",,DNA1202000005132.pdf
219135,09125/11/0002/2021,09125,"NATIONAL MONUMENTS AUTHORITY ,NEW DELHI",DNA1202000006249_20200612150938.pdf,
127963,36206/11/0002/2021,36206,"NATIONAL RESEARCH DEVELOPMENT CORPORATION,[DELHI]",DNA1202000006072_20200606161220.pdf,
16631,06201/11/0006/2021,06201,"DEPT OF TELECOMMUNICATION, NEW DELHI",DNA1202000006215_20200611145743.pdf,
217871,19112/11/0031/2021,19112,"INDO TIBETAN BORDER POLICE 2ND BATALIAN ,KULLU",DNA1202000006589_20200623212109.pdf,
NA875,34107/11/0001/2021,34107,"NATIONAL POWER TRAINING INSTITUTE,FARIDABAD",DNA1202000006823_20200702172509.pdf,
15821,32201/11/0002/2021,32201,"DEPT OF PERSONNEL & TRAINING, NEW DELHI",DNA1202000007086_20200710201853.pdf,
131321,37208/11/0006/2021,37208,"INDIAN MARITIME UNIVERSITY., [CHENNAI]",DNA1202000007289_20200717203145.pdf,
89649,19126/11/0005/2021,19126,"NARCOTICS CONTROL BUREAU,[NEW DELHI]",DNA1202000007300_20200718144802.pdf,
MA627,21207/11/0002/2021,21207,MAHATMA GANDHI HINDI VISHVA VIDYALAYA DELHI,DNA1202000008078_20200814181544.pdf,
NA916,19125/11/0004/2021,19125,NATIONAL INST.OF CRIMINOLOGY & FORENSIC SCIENCE,DNA1202000007742_20200803173734.pdf,
NA947,35104/11/0002/2021,35104,NATIONAL RURAL INFRASTRUCTURE DEVELOPMENT AGENCY,DNA1202000008517_20200827172534.pdf,
102844,19112/11/0076/2021,19112,"INDO TIBETAN BORDER POLICE,[PATIALA]",DNA1202000008717_20200902163241.pdf,
17065,55101/14/0001/2021,55101,"UNION PUBLIC SERVICE COMMISSION, NEW DELHI",DNA1202000009540_20200923150836.pdf,
73950,19112/11/0093//2021,19112,"INDO TIBETAN BORDER POLICE COMMANDANT 8 BN,[GOCHAR]",DNA1202000009329_20200918144043.pdf,
173644,21252/11/0005/2021,21252,"CENTRAL HINDI DIRECTORATE ,NEW DELHI",DNA1202000011599_20201110175558.pdf,
16283,17212/11/0001/2021,17212,"RASHTRIYA AYURVED VIDYAPEETH, NEW DELHI",DNA1202000011954_20201119172643.pdf,
153881,09142/11/0001/2021,09142,"NEHRU MEMORIAL MUSEUM & LIBRARY ,NEW DELHI",DNA1202000011814_20201113183602.pdf,
16973,01146/11/0001/2021,01146,"PLANT VARIETIES & FARMERS RIGHT AUTHORITY ,NEW DELHI",DNA1202000011699_20201112170713.pdf,
84104,19112/11/0136/2021,19112,"INDO TIBETAN BORDER POLICE FORCE BOKHARA CAMP,[BARELI]",DNA1202000011713_20201112174504.pdf,
19164,17134/11/0001/2021,17134,ALL INDIA INSTITUTE OF PHYSICAL MEDICINE AND REHABLITATION MUMBAI,DNA1202000012233_20201127172020.pdf,
16114,13101/11/0024/2021,13101,"MINISTRY OF ENVIRONMENT & FOREST, NEW DELHI",DNA1202000012509_20201204181422.pdf,
156594,19112/11/0162/2021,19112,"INDO TIBETAN BORDER POLICE BAREILY ,BUKHARA CAMP",DNA1202000012795_20201211202858.pdf,
ES9,23131/11/0005/2021,23131,"ESIC REGIONAL OFFICE,FARIDABAD",DNA1202000013331_20201224182229.pdf,
29217,36202/11/0022/2021,36202,"COUNCIL OF SCIENTIFIC AND INDUSTRIAL RESEARCH,[NEW DELHI]",DNA1202000012763_20201211160524.pdf,
AT59,15113/13/0001/2021,15113,"ATAL PENSION YOJANA PFRDA,NEW DELHI",DNA1202000013261_20201222200903.pdf,
16134,45101/13/0001/2021,45101,"MINISTRY OF WATER RESOURCES, NEW DELHI",DNA1202000012862_20201214191601.pdf,
NA1162,38123/11/0001/2021,38123,NATIONAL SAFAI KARAMCHARIS FIN. & DEV. COR.-NSKFDC,DNA1202100000467_20210114173952.pdf,
95748,33112/11/0013/2021,33112,"PETROLIUM & NATURAL GAS REGULATORY BOARD,[NEW DELHI]",DNA1202100000509_20210115150828.pdf,
IN578,19112/11/0202/2021,19112,"INDO TIBETAN BORDER POLICE,DIST RANCHI JHARKHAND",ALGdavp202_release_order_20210219153151.pdf,
153544,19112/11/0210/2021,19112,"INDIAN TIBET BORDER POLICE ,BAREILLY",HLDdavp210_release_order_20210219183535.pdf,
16127,39107/11/0001/2021,39107,"MINISTRY OF STATISTICS & PROGRAME IMPLEM, NEW DELHI",HLDdavp01_release_order_20210218183826.pdf,
16516,34102/11/0005/2021,34102,"CENTRAL ELECTRICITY  AUTHORITY, NEW DELHI",DELdavp05_release_order_20210324202826.pdf,
143156,38101/11/0001/2122,38101,"MINISTRY OF SOCIAL JUSTICE,NEW DELHI",01__HLD__davp_20210413195853.pdf,
16480,10601/11/0002/2122,10601,"ARMY HEADQUAUTER, NEW DELHI",CHDdavp02_release_order_20210416150103.pdf,
19150,17153/11/0006/2122,17153,NATIONAL INSTITUTE OF HEALTH & FAMILY WELFARE NEW DELHI,DELdavp_release_order_20210528151614.pdf,
16986,17149/11/0001/2122,17149,"RAJKUMARI AMRITKAUR COLLEGE OF NURSHING, NEW DELHI",DNA1202100005043_20210525205419.pdf,
141980,03112/11/0002/2122,03112,"AIRPORTS ECONOMIC REGULATORY AUTHORITY OF INDIA., [NEW DELHI]",15davp002_KNPrelease_order_20210614191646.pdf,
EM32,23136/11/0002/2122,23136,"EMPLOYEES PROVIDENT FUND ORGANISATION,FARIDABAD",davp02_CHDrelease_order_20210616182459.pdf,
90632,10202/11/0005/2122,10202,"DG ORDNANCE SERVICES,[56 APO]",DNA1202100006476_20210709183149.pdf,
IN676,19112/11/0040/2122,19112,"INDO TIBETAN BORDER POLICE FORCE,LEH,LADAKH",DNA1202100006458_20210709152414.pdf,
NA1510,47116/11/0001/2122,47116,"NATIONAL SPORTS UNIVERSITY IMPHAL,MANIPUR",DNA1202100006951_20210723183839.pdf,
200290,10301/11/0032/2122,10301,"DEPTT. OF DEFENCE RESEARCH & DEVELOPMENT/DRDO ,MUSSOORIE",davp_release_order_20210721153029.pdf,
IN378,15311/11/0001/2122,15311,INCOME TAX DEPTT PANCHKULA,DNA1202100007253_20210731154602.pdf,
16171,17153/11/0007/2122,17153,"NATIONAL INST OF HEALTH & FAMILY WELFARE, NEW DELHI",DNA1202100007740_20210811173154.pdf,
MI281,01101/13/0013/2122,01101,MINISTRY OF AGRICULTURE & FARMERS WELFARE,"Scan_20210808215109.jpg,,DNA1202100007612_20210812172824.pdf",
18671,19112/11/0078/2122,19112,"INDO TIBETAN BORDER POLICE, PANCHKULA",DNA1202100008162_20210820163318.pdf,
EM34,23111/13/0010/2122,23111,EMPLOYEE STATE INSURANCE CORPORATION NEW DELHI,JMU davp_release_order_20210902202531.pdf,
MA2637,21207/11/0003/2122,21207,"MAHATMA GANDHI INTERNATIONAL,NEW DELHI",GKP davp_release_order_20210907183058.pdf,
107342,10602/11/0030/2122,10602,"DG SUPPLIES & TRANSPORT,[C/O 56 APO]",DNA1202100009393_20210921174734.pdf,
26254,37112/13/0001/2122,37112,"MINISTRY OF ROAD TRANSPORT & HIGHWAYS,[NEW DELHI] ,DELHI","Ro 37112_13_0001_2122_20210926201448.pdf,DNA1202100009640_20210927153209.pdf",
16628,35101/11/0005/2122,35101,"DEPT OF RURAL DEVELOPMENT, NEW DELHI",DNA1202100010229_20211007212032.pdf,
42201,10631/11/0005/2122,10631,"ARMY TRAINING COMMAND,SHIMLA,[H.P.]",DNA1202100010189_20211007191449.pdf,
97762,19112/11/0126/2122,19112,"INDO TIBETAN BORDER POLICE 25 TH BN,[TEJU]",DNA1202100010500_20211014162223.pdf,
93895,22107/11/0004/2122,22107,"SATYAJIT RAY FILM & TELEVISION INSTT.,[KOLKATA]",DNA1202100011409_20211102201019.pdf,
NA417,17180/11/0006/2122,17180,NATIONAL HEALTH AUTHORITY,DNA1202100011507_20211105181526.pdf,
16503,19117/11/0004/2122,19117,"BUREAU OF POLICE RESEARCH & DEV, NEW DELHI",DNA1202100011696_20211110182936.pdf,
45328,10119/11/0009/2122,10119,"COAST GUARD HEADQURTERS, [NEW DELHI]",DNA1202100012780_20211202191641.pdf,
16841,14106/11/0010/2122,14106,"MINISTRY OF EXTERNAL AFFAIRS, NEW DELHI",DNA1202100012864_20211203190740.pdf,
15847,06102/11/0008/2122,06102,"DOEACC SOCIETY, NEW DELHI",DNA1202100013557_20211217145716.pdf,
DE1355,15601/11/0001/2122,15601,DEPTT. OF INVESTMENT AND PUBLIC ASSET MGMT,DNA1202100013351_20211213200054.pdf,
NH15,37112/11/0004/2122,37112,"NHIDCL,NEW DELHI",DNA1202100013593_20211217191257.pdf,
DE895,19201/11/0005/2122,19201,DEPTT. OF OFFICIAL LANGUAGE,DNA1202100013909_20211223184645.pdf,
16113,09101/11/0031/2122,09101,"MINISTRY OF CULTURE, NEW DELHI",DNA1202200000184_20220105164341.pdf,
31878,37107/15/0003/2122,37107,"NATIONAL HIGHWAY AUTHORITY, [PANCHKULA]",DNA1202200000181_20220105145843.pdf,
41195,10201/11/0024/2122,10201,"ORDNANCE FACTORY BOARD,[MURADNAGAR]",DNA1202200000294_20220107160951.pdf,
GE179,26104/11/0005/2122,26104,"GEOLOGICAL SURVEY OF INDIA,NEW DELHI",DNA1202200000575_20220114150809.pdf,
DI680,10110/13/0001/2122,10110,"DIRECTORATE GENERAL NCC,NEW DELHI",28davp1_DEL COL release_order_20220127215245.pdf,
116588,05209/11/0003/2122,05209,"PETROLEUM & EXPLOSIVES SAFETY ORGANISATION[DEPT OF EXPLOSIVE],[NAGPUR]",DNA1202200001567_20220205211628.pdf,
16026,21284/12/0004/2122,21284,"JAWAHARLAL NEHRU UNIVERSITY, NEW DELHI",DNA1202200002266_20220221152411.pdf,
TH1309,04107/11/0003/2122,04107,"THE NOMINATED AUTHORITY,NEW DELHI",DNA1202200002060_20220216180910.pdf,
16895,19125/11/0003/2122,19125,"NATIONAL INST OF CRIMINOLOGY& FOREN  SCI, NEW DELHI",DNA1202200002448_20220224195155.pdf,
AR519,36111/12/0004/2122,36111,ARYA BHATT RES.INSTT OF OBSERVATIONAL SCIENCES,DNA1202200003186_20220311163502.pdf,
IN655,38103/12/0014/2122,38103,"INSTITUTE FOR PHYSICALLY HANDICAPPED,NEW DELHI",DNA1202200003379_20220315185949.pdf,
IN358,07110/12/0006/2122,07110,INVESTOR EDUCATION & PROTECTION FUND AUTHORITY DEL,DNA1202200003573_20220319174208.pdf,
17076,01222/12/0004/2122,01222,"VETERINARY COUNCIL OF INDIA, NEW DELHI",DNA1202200003570_20220319173309.pdf,
16843,15601/11/0003/2122,15601,"MINISTRY OF FINANCE, NEW DELHI",DNA1202200004218_20220330203404.pdf,
HE185,17102/13/0002/2223,17102,HEALTH AND FAMILY WELFARE GNCTD,DNA1202200004542_20220407143810.pdf,
16521,50101/11/0002/2223,50101,"CENTRAL INFORMATION COMMISSION, NEW DELHI",DNA1202200005035_20220415143653.pdf,
16131,43101/13/0004/2223,43101,"MINISTRY OF TRIBAL AFFAIRS, NEW DELHI",DNA1202200004998_20220414152904.pdf,
16612,08201/13/0001/2223,08201,"DEPT OF FOOD & PUBLIC  DISTRIBUTION, NEW DELHI",DNA1202200004847_20220412174430.pdf,
182328,15415/13/0001/2223,15415,"DEPT OF FINANCIAL SERVICE-BANKING DIVISION ,NEW DELHI",DNA1202200005101_20220416195104.pdf,
EL132,48138/12/0002/2223,48138,ELECTRONICS CORPORATION OF INDIA ECIL,DNA1202200005180_20220419144020.pdf,
153607,35301/13/0002/2223,35301,"MINISTRY OF DRINKING WATER & SANITATION ,NEW DELHI",DNA1202200005142_20220418155034.pdf,
76027,15311/11/0001/2223,15311,"INCOME TAX  DEPARTMENT, [CHANDIGARH]",DNA1202200006160_20220509191737.pdf,
IN789,32207/12/0002/2223,32207,INSTITUTE OF SECRETARIAT TRAINNING & MGMT NEW DELH,DNA1202200006374_20220513183723.pdf,
NA881,38113/12/0003/2223,38113,NATIONAL INTT. FOR ORTHOPAEDICALLY HANDICAPPED,DNA1202200006867_20220524202557.pdf,
76739,38107/12/0001/2223,38107,ALI YAVAR JUNG INSTT.[MUMBAI],DNA1202200006948_20220526181501.pdf,
TH787,07108/15/0001/2223,07108,THE INSTITUTE OF CHARTERED ACCOUNTANTS OF INDIA,DNA1202200007623_20220606200920.pdf,
16616,22201/13/0028/2223,22201,"DEPT OF INFORMATION & BROADCASTING, NEW DELHI",DNA1202200007584_20220606150126.pdf,
19137,21248/12/0001/2223,21248,CENTRAL INSTITUTE OF INDIAN LANGUAGES MYSORE,DNA1202200007330_20220601155901.pdf,
NI599,06141/12/0005/2223,06141,"NIELIT ,CHANDIGARH",DNA1202200007540_20220604171950.pdf,
15767,22204/11/0006/2223,22204,"DAVP, NEW DELHI",DNA1202200008057_20220613211518.pdf,
92763,19110/11/0041/2223,19110,"BORDER SECURITY FORCE,[56 APO]",DNA1202200008243_20220617193429.pdf,
RA851,03110/12/0002/2223,03110,"RAJIV GANDHI NATIONALAVIATION UNIVERSITY,NEW DELHI",DNA1202200008421_20220621191941.pdf,
CE227,10803/11/0003/2223,10803,"CENTRAL AIRMEN SELECTION BOARD,NEW DELHI",DNA1202200008429_20220621193414.pdf,
108664,10901/11/0014/2223,10901,"BORDER ROADS ORGANISATION,[NEW DELHI]",DNA1202200008400_20220621182945.pdf,
71229,10603/11/0002/2223,10603,"NORTHERN COMMAND,[56 APO]",DNA1202200008860_20220701164755.pdf,
16857,32101/11/0001/2223,32101,"MINISTRY OF PERSONNAL PUB GRIEVAN & PEN, NEW DELHI",DNA1202200008903_20220701214754.pdf,
NA1876,21103/12/0021/2223,21103,NATIONAL BOOK TRUST NEW DELHI,DNA1202200008912_20220702164506.pdf,
41940,06132/12/0008/2223,06132,"CENTRE FOR DEVE. OF ADVANCE COMPG.,[PUNE]",DNA1202200008929_20220702190134.pdf,
18657,45103/12/0007/2223,45103,"CENTRAL GROUND WATER BOARD, FARIDABAD",DNA1202200008721_20220628170451.pdf,
144412,38116/12/0002/2223,38116,"NATIONAL SCHEDULED CASTES FINANCE & DEVELOPMENT CORPN., [DELHI]",DNA1202200009147_20220707204519.pdf,
MO733,17213/12/0011/2223,17213,MORARJI DESAI NATIONAL INST OF YOGA NEW DELHI,DNA1202200009924_20220722205836.pdf,
217965,06149/12/0008/2223,06149,"NATIONAL INSTITUTE OF ELECTRONIC AND INFORMATION TECHNOLOGY ,HARIDWAR",DNA1202200010238_20220730144700.pdf,
19229,22301/15/0003/2223,22301,PRASAR BHARTI NEW DELHI,DNA1202200010977_20220813185818.pdf,
16858,34101/13/0002/2223,34101,"MINISTRY OF POWER, NEW DELHI",DNA1202200010239_20220730144706.pdf,
83842,19135/11/0002/2223,19135,"NATIONAL FIRE SERVICE COLLEGE,[NAGPUR]",DNA1202200010580_20220805204642.pdf,
46939,FMG-10622/11/0040/2223,FMG-10622,"MILITARY HOSPITAL, [ROORKEE]",DNA1202200010752  FW  Request for re published wrongly published ad RO 10622_11_0040_2223 - (nat-adopshod@bs_20220810180906.amarujala,
IN110,01302/12/0009/2223,01302,INDIAN COUNCIL OF AGRICULTURAL RESEARCH,DNA1202200011381_20220824174649.pdf,
6919,38102/12/0020/2223,38102,"NATIONAL INST FOR VISUALYY HANDICAPPED, DEHRADUN",DNA1202200011410_20220824201137.pdf,
RA2198,03110/12/0009/2223,03110,RAJIV GANDHI NATIONAL AVIATION UNIVERSITY,DNA1202200011631_20220830181552.pdf,
46234,06132/12/0019/2223,06132,"C-DAC,[PUNE]",DNA1202200012250_20220913151335.pdf,
16520,45103/12/0012/2223,45103,"CENTRAL GROUND WATER  BOARD, NEW DELHI",DNA1202200012279_20220913185632.pdf,
161342,25113/12/0032/2223,25113,"MICRO SMALL AND MEDIUM ENTERPRISES, [JAMMU] ,JAMMU",DNA1202200011832_20220903171051.pdf,
AY106,17180/15/0005/2223,17180,AYUSHMAN BHARAT PM JAN AROGYA YOJANA,DNA1202200013021_20220926201742.pdf,
124760,21202/12/0002/2223,21202,"INDIAN COUNCIL OF PHILOSOPHICAL RESEARCH,[LUCKNOW]",DNA1202200012999_20220926183334.pdf,
15978,17111/12/0002/2223,17111,"INDIAN NURSING COUNCIL, NEW DELHI",DNA1202200013139_20220928174248.pdf,
16550,07112/12/0003/2223,07112,"COMPETITION COMMISSION OF INDIA, NEW DELHI",DNA1202200013005_20220926185640.pdf,
CS0,36211/12/0004/2223,36211,"CSIR-CENTRAL ROAD RESEARCH INSTITUTE,NEW DELHI",DNA1202200013113_20220928150232.pdf,
33471,10301/11/0108/2223,10301,"DEFENCE RESEARCH & DEVELOPMENT ORGANISATION DEAL, [DEHRADUN]",DNA1202200012809_20220923152702.pdf,
16517,15502/13/0013/2223,15502,"CENTRAL EXCISE & CUSTOM, NEW DELHI",DNA1202200013373_20220930210552.pdf,
IN883,48129/12/0042/2223,48129,INDIAN RARE EARTHS LIMITED,DNA1202200013824_20221010184404.pdf,
16876,44103/12/0004/2223,44103,"NATIONAL CAPITAL REGION PLANNING BOARD, NEW DELHI",DNA1202200014480_20221020204459.pdf,
40653,06245/12/0005/2223,06245,"MINISTRY OF COMMUNICATION & IT,[DEHRADUN]",DNA1202200013997_20221012202140.pdf,
16461,01307/12/0003/2223,01307,"AGRICULTURAL SCIENTIST RECRU BOARD, NEW DELHI",DNA1202200014946_20221101174410.pdf,
92334,07104/11/0011/2223,07104,"OFFICIAL LIQUIDATOR,[NEW DELHI]",DNA1202200015138_20221105164416.pdf,
70444,17135/11/0005/2223,17135,"DGHS HEADQUARTER,[NEW DELHI]",DNA1202200015374_20221111151221.pdf,
16871,09108/12/0008/2223,09108,"NATIONAL ARCHIVES OF INDIA, NEW DELHI",DNA1202200016059_20221125153259.pdf,
NA1496,38125/12/0010/2223,38125,NATIONAL COMMISSION FOR SCHEDULE CASTES DELHI,DNA1202200015939_20221122202011.pdf,
AL72,17191/12/0001/2223,17191,ALL INDIA INSTITUTE OF MEDICAL SCIENCE GORAKHPUR,DNA1202200015747_20221118180135.pdf,
IN987,15401/13/0010/2223,15401,"INCOME TAX PR & RSP,NEW DELHI",DNA1202200016802_20221210153349.pdf,
63702,17152/12/0024/2223,17152,"INDIAN COUNCIL OF MEDICAL RESEARCH[ICMR],[V. RAMLINGAM BHAVANANSARI NAGAR]",DNA1202200016724_20221209160413.pdf,
CE34,21353/12/0011/2223,21353,CENTRAL UNIVERSITY OF KERALA,DNA1202200016420_20221202203122.pdf,
50,23170/12/0008/2223,23170,ESIC REGIONAL OFFICE BADDI HP,DNA1202200017231_20221219181340.pdf,
15956,01304/12/0003/2223,01304,"ICAR, NEW DELHI",DNA1202200017395_20221222180355.pdf,
6746,10628/11/0001/2223,10628,"INDIAN MILITARY ACADEMY, DEHRADUN",DNA1202200017268_20221220164121.pdf,
IN1043,36304/12/0025/2223,36304,INSTITUTE FOR STEM CELL SCIENCE & REGENERATIVE MED,"DNA1202300001747_20230203191355.pdf,DNA1202300001747  Screenshot_20230203205808.jpg",
98750,22104/11/0002/2223,22104,"FILM & TELEVISION INSTITUTE,[PUNE]",DNA1202300001681_20230202201955.pdf,
NA429,07122/12/0002/2223,07122,NATIONAL FINANCIAL REPORTING AUTHORITY NFRA,DNA1202300001844_20230206202256.pdf,
84136,10610/11/0002/2223,10610,"ADG MOVEMENT,[56 APO]",DNA1202300002412_20230217163927.pdf,
204624,01115/12/0111/2223,01115,"AGRICULTURE INSURANCE COMPANY OF INDIA LTD. ,DELHI",DNA1202300002474_20230217202425.pdf,
DE1879,02107/13/0014/2223,02107,DEPARTMENT OF PHARMACEUTICALS,DNA1202300003351_20230306212926.pdf,
NI316,38102/12/0005/2324,38102,NIEPVD DEHRADUN,DNA1202300005573_20230419163709.pdf,
16878,46105/12/0001/2324,46105,"NATIONAL COMMISSION  FOR WOMEN, NEW DELHI",DNA1202300005477_20230417175804.pdf,
76294,36118/12/0001/2324,36118,"NATIONAL INNOVATION FOUNDATION,[AHMEDABAD]",DNA1202300006324_20230503170158.pdf,
NA3,01113/12/0004/2324,01113,NATIONAL HORTICULTURE BOARD,DNA1202300006766_20230512150637.pdf,
BO143,36119/12/0003/2324,36119,BOSE INSTITUTE CENTRAL AUTONOMOUS S & T INSTITUTE,DNA1202300007403_20230524185730.pdf,
15726,32205/11/0016/2324,32205,"CENTRAL BUREAU OF INVESTIGATION, NEW DELHI","DNA1202300007972_20230603151034.pdf,DNA1202300007972_20230603180648.jpg,DNA1202300007972-APPROVAL_20230603180711.jpg",
DO183,06102/12/0003/2324,06102,"DOEACC, NEW DELHI",DNA1202300007780_20230531183907.pdf,
222829,21345/12/0001/2324,21345,"INDIRA GANDHI NATIONAL TRIBAL UNIVERSITY ,ANUPPUR",DNA1202300008428_20230612182916.pdf,
42061,55101/14/0001/2324,55101,"UPSC[EXAM.],[NEW DELHI]",DNA1202300008345_20230609210219.pdf,
IN17,06346/12/0002/2324,06346,INDIA POST PAYMENTS BANK LIMITED,DNA1202300008928_20230620183612.pdf,
TE262,10120/11/0002/2324,10120,"TERRITORIAL ARMY,NEW DELHI",DNA1202300008743_20230616210838.pdf,
121350,06155/12/0005/2324,06155,"NATIONAL INSTITUTE OF ELECTRONICS & INFORMATION TECH,[JAMMU]",DNA1202300009146_20230624150008.pdf,
233975,48143/12/0001/2324,48143,"DEPT OF ATOMIC ENERGY-AEES ,MUMBAI",DNA1202300010707_20230722184050.pdf,
32163,22213/11/0001/2324,22213,"PUBLICATION DIVISION, [NEW DELHI]",DNA1202300011071_20230728201149.pdf,
16833,04107/12/0003/2324,04107,"MINISTRY OF COAL & MINES, NEW DELHI",DNA1202300011354_20230803150559.pdf,
NA1356,43107/12/0015/2324,43107,NATIONAL EDUCATION SOCIETY OF TRIBAL STUDENTS,DNA1202300011379_20230803182707.pdf,
NI578,54102/13/0001/2324,54102,NITI AYOG NEW DELHI,DNA1202300011445_20230804190000.pdf,
CE296,22204/11/0002/2324,22204,CENTRAL BUREAU OF COMMUNICATION,DNA1202300013444_20230908163418.pdf,
16836,06301/13/0002/2324,06301,"MINISTRY OF COMMUNICATION &  INFOR TECH , NEW DELHI",DNA1202300014499_20230925185810.pdf,
NI838,04107/12/0005/2324,04107,"NIT OFFICE OF THE NOMINATED AUTHORITY,NEW DELHI",DNA1202300012763_20230828161020.pdf,
16832,03111/12/0008/2324,03111,"MINISTRY OF CIVIL AVIATION, NEW DELHI",DNA1202300016589_20231030220302.pdf,
16889,53101/12/0006/2324,53101,"NATIONAL HUMAN RIGHTS COMMISSION, NEW DELHI",DNA1202300013738_20230913190724.pdf,
88344,25131/12/0013/2324,25131,"COIR BOARD,[KOCHI]",DNA1202300014505_20230925190417.pdf,
42639,13136/12/0009/2324,13136,"G.B.PANT INSTITUTE OF HIMALAYAN ENVIRONMENT & DEVELOPMENT,[ALMORA]",DNA1202300013808_20230914184916.pdf,
36408,25113/12/0049/2324,25113,"MSME DEVELOPMENT INSTITUTE,[ALLAHABAD]",DNA1202300017057_20231107185817.pdf,
CE145,06147/12/0001/2324,06147,CENTRE FOR DEVELOPMENT OF ADVANCE COMPUTING KOLKAT,DNA1202300014681_20230928143408.pdf,
CE288,07123/11/0069/2324,07123,CENTRE FOR PROCESSING ACCELERATED CORPORATE EXIT,DNA1202300012960_20230830172844.pdf,
2032,05216/12/0005/2324,05216,"NATIONAL INST OF DESIGN, AHMEDABAD",DNA1202300014588_20230927143305.pdf,
DE2096,10301/11/0134/2324,10301,"DEPTT. OF DEFENCE RESEARCH & DEVELOPMENT/DRDO,BANG",DNA1202300017724_20231120181713.pdf,
CO525,15227/12/0004/2324,15227,"COUNCIL OF INSURANCE OMBUDSMEN,MUMBAI",DNA1202300016800_20231102193138.pdf,
16842,17102/13/0034/2324,17102,"MINISTRY OF FAMILY WELFARE, NEW DELHI",DNA1202300014659_20230927201707.pdf,
19166,09102/13/0004/2324,09102,ARCHEOLOGICAL SURVEY OF INDIA NEW DELHI,DNA1202400001598_20240122204713.pdf,
CH1458,06341/12/0005/2324,06341,CHIEF POST MASTER GENERAL  PUNJAB CIRCLE,DNA1202300019436_20231216204350.pdf,
228512,06201/11/0011/2324,06201,"D/O TELECOMMUNICATION ,NEW DELHI",DNA1202300018834_20231207184838.pdf,
G.195,13136/12/0037/2324,13136,G.B. PANT NATIONAL INSTITUTE OF HIMALAYAN ENVIRONM,DNA1202400002706_20240206211036.pdf,
DI1327,05128/11/0003/2324,05128,"DIRECTORATE GENERAL OF TRADE REMEDIES,NEW DELHI",DNA1202400003189_20240212201132.pdf,
FT1,22104/12/0003/2324,22104,"FTII,PUNE",DNA1202400000783_20240111211600.pdf,
MI262,41101/11/0010/2324,41101,MINISTRY OF TEXTILE DELHI,DNA1202400001251_20240117212957.pdf,
133567,06148/12/0002/2324,06148,"NIELIT,[SHIMLA]",DNA1202400000212_20240104182818.pdf,
LE150,24301/11/0003/2324,24301,LEGISLATIVE DEPARTMENT,DNA1202400000246_20240104210720.pdf,
NA859,01375/12/0010/2324,01375,"NATIONAL INSTITUTE OF AGRICULTURE,NIAM,JAIPUR",DNA1202400000269_20240105152404.pdf,
117951,63113/12/0005/2324,63113,"NATIONAL SKILL DEVELOPMENT CORPORATION,[NEW DELHI]",DNA1202400000340_20240105203203.pdf,
IN449,05125/15/0004/2324,05125,INDIA BRAND EQUITY FOUNDATION NEW DELHI,DNA1202400000388_20240106174104.pdf,
NE282,49120/12/0003/2324,49120,NEW SPACE INDIA LTD,DNA1202400000036_20240102142845.pdf,
NA2044,37107/15/0043/2324,37107,"NATIONAL HIGHWAY AUTHORITY OF INDIA, NEW DELHI",DNA1202400003209_20240212211029.pdf,
16468,21300/12/0001/2324,21300,"ALL INDIA COUNCIL FOR TECHNICAL EDU, NEW DELHI",DNA1202400000217_20240104184654.pdf,
MS238,25113/12/0069/2324,25113,MSME VARANASI,davp_release_order_20231213144433.pdf,
TR173,43104/15/0040/2324,43104,TRIBAL COOPERATIVE MARKETING DEV. FED.OF INDIA LTD,DNA1202400003066_20240210183115.pdf,
92275,06132/12/0001/2425,06132,"CDAC-CENTRE FOR DEV OF ADVANCE COMPG.,[PUNE]",DNA1202400009400_20240603205503.pdf,
40598,10301/11/0022/2425,10301,"DEFENCE RESEARCH & DEVELOPMENT,[AGRA CANTT]",DNA1202400008368_20240510152532.pdf,
DE2149,38117/11/0002/2425,38117,DEPT.OF EMPOWERMENT OF PERSONS AND DISABILITY,DNA1202400010308_20240621210605.pdf,
142047,19112/11/0063/2425,19112,"INDO TIBETAN BORDER POLICE FORCE,[SRINAGAR]",DNA1202400009256_20240531144308.pdf,
DE363,17201/13/0003/2425,17201,"DEPTT. OF AYUSH,NEW DELHI",DNA1202400010210_20240619223120.pdf,
158974,17219/12/0011/2324,17219,"ALL INDIA INSTITUTE OF AYURVED ,MATHURA ROAD NEW DELHI",DNA1202400006192_20240319210456.pdf,
MI451,37107/15/0055/2324,37107,"MINISTRY OF ROAD TRANSPORT & HIGHWAY,MORADABAD",DNA1202400005408_20240311150918.pdf,
2275,48123/12/0001/2425,48123,"HARISH CHANDRA RESEARCH INSTT, ALLAHABAD","DNA1202400015070_20240921144747.pdf,DNA1202400015070-A_20240921145305.pdf",
46392,05201/11/0010/2425,05201,"DEPT OF INDUSTRIAL POLICY AND PROMOTION[LEATHER SECTION],[NEW DELHI]",DNA1202400012344_20240802150637.pdf,
198858,41117/15/0001/2425,41117,"JUTE COMMISSIONER, CGO COMPLEX, 3RD MSO BUILDING,  ,KOLKATA",DNA1202400013159_20240814221626.pdf,
126385,08109/12/0004/2425,08109,"WAREHOUSING DEVELOPMENT AND REGULATORY AUTHORITY WAREHOUSING, HAUZ KHAS, [NEW DELHI]",DNA1202400012808_20240809205346.pdf,
16644,10401/11/0005/2425,10401,"DIRECTORATE GENERAL OF RESETTLEMENT, NEW DELHI",DNA1202400013055_20240814151150.pdf,
200385,15502/11/0002/2425,15502,"CENTRAL EXICE & CUSTOM DEPT ,NEW DELHI",DNA1202400013872_20240830204203.pdf,
TH674,41122/12/0014/2425,41122,THE JUTE CORP. OF INDIA LTD.,DNA1202400014158_20240905143743.pdf,
135367,48143/12/0003/2425,48143,"DEPARTMENT OF ATOMIC ENERGY, HEAVY WATER BOARD., [MUMBAI]",DNA1202400012064_20240727161706.pdf,
LA629,19142/11/0006/2425,19142,LAND PORTS AUTHORITY OF INDIA,DNA1202400014089_20240903202357.pdf,
DE2187,10301/11/0072/2425,10301,"DEPTT. OF DEFENCE RESEARCH & DEVELOPMENT/DRDO,AGRA",DNA1202400011982_20240726163331.pdf,
MS284,25113/12/0070/2425,25113,"MSME DEVELOPMENT INSTITUTE ,INDORE 452015 M.P",DNA1202400014809_20240917183940.pdf,
DE1782,02101/11/0002/2425,02101,DEPARTMENT OF CHEMICAL AND PETROCHEMICALS,DNA1202400010690_20240705213549.pdf,
16998,09104/12/0002/2425,09104,"SAHITYA ACADEMY, NEW DELHI",DNA1202400012197_20240731152416.pdf,
16132,44101/13/0001/2425,44101,"MINISTRY OF URBAN DEVELOPMENT, NEW DELHI",DNA1202400018268_20241119184137.pdf,
16910,09109/12/0002/2425,09109,"NATIONAL MUSEUM, NEW DELHI",DNA1202400020147_20241220201737.pdf,
CU46,19148/11/0004/2425,19148,CUSTODIAN OF ENEMY PROPERTY FOR INDIA NEW DELHI,DNA1202400018180_20241116193218.pdf,
DE2295,06169/12/0002/2425,06169,"DEPT OF CENTRE FOR MATERIALS FOR ELEC. TEC.,PUNE",DNA1202400018883_20241129143121.pdf,
15822,06301/13/0003/2425,06301,"DEPT OF POST, NEW DELHI",DNA1202400017212_20241028185447.pdf,
CE26,34104/12/0007/2425,34104,"CENTRAL POWER  RESEARCH INSTITUTE,BANGALORE",DNA1202400018458_20241122152345.pdf,
162747,01111/11/0009/2425,01111,"NATIONAL SEED RESEARCH & TRAINING CENTRE,[VARANASI] ,G.T. ROAD COLLECTRY FARM",DNA1202400018460_20241122152715.pdf,
CE240,59101/13/0002/2425,59101,CENTRAL VIGILANCE COMMISSION NEW DELHI,DNA1202400017176_20241026202814.pdf,
16120,30101/13/0005/2425,30101,"MINISTRY OF PANCHAYAT RAJ, NEW DELHI",DNA1202400020483_20241226214242.pdf,
DE1705,47107/13/0005/2425,47107,"DEPARTMENT OF YOUTH AFFAIRS,NEW DELHI",DNA1202400018604_20241125142139.pdf,
16764,37203/12/0011/2425,37203,"INDIAN PORTS ASSOCIATION, NEW DELHI",DNA1202400019616_20241211185802.pdf,
DE1628,24201/11/0006/2425,24201,"DEPTT. OF LEGAL AFFAIRS,NEW DELHI",DNA1202400016611_20241018160559.pdf,
15819,06101/11/0002/2425,06101,"DEPT OF INFORMATION TECHNOLOGY, NEW DELHI",DNA1202400020506_20241227173953.pdf,
16596,17110/11/0001/2425,17110,"DENTAL COUNCIL OF INDIA, NEW DELHI",DNA1202400015990_20241007165537.pdf,
MO1366,10622/11/0068/2425,10622,"MOD CHEQUE,JABALPUR",DNA1202400019327_20241206185640.pdf,
CE285,20105/15/0008/2425,20105,CENTRAL GOVT EMPLOYEES WELFARE HOUSING ORGANISATIO,DNA1202400018109_20241114205318.pdf,
232842,05201/13/0016/2425,05201,"DEPARTMENT OF INDUSTRIAL POLICY & PROMOTION ,NEW DELHI",DNA1202400014537_20240928194325.pdf,
91069,19111/11/0048/2425,19111,"CENTRAL RESERVE POLICE FORCE,[56 APO]",DNA1202400017073_20241025175953.pdf,
75690,10103/11/0005/2425,10103,"DG EME,[MEERUT CANTT]",DNA1202400020509_20241227174605.pdf,
IN1300,21346/12/0011/2425,21346,INDIAN INST OF INFORMATION TECHNOLOGY-GANDHINAGAR,DNA1202400020294_20241223191433.pdf,
171481,37211/15/0003/2425,37211,"INLAND WATERWAYS AUTHORITY OF INDIA ,NOIDA",DNA1202400019826_20241214204836.pdf,
NA1690,06149/12/0024/2425,06149,NATIONAL INST OF ELECTRONIC & INFOR TEC. KURUSHETR,DNA1202500004392_20250315190944.pdf,
117726,15201/13/0007/2425,15201,"ECONOMIC AFFAIRS,[NEW DELHI]",DNA1202500002153_20250205211925.pdf,
18593,46102/11/0001/2425,46102,"CENTRAL ADOPTION RESOURCE AUTHORITY, NEW DELHI",DNA1202500004795_20250321203429.pdf,
117539,39103/11/0018/2425,39103,"INDIAN STATISTICAL INSTITUTE,[KOLKATA]",DNA1202500002543_20250212181304.pdf,
53464,10110/13/0004/2425,10110,"DTE GENERAL NCC,[NEW DELHI]",DNA1202500001476_20250124205237.pdf,
104229,06171/12/0001/2425,06171,"NATIONAL INSTITUTE OF ELECTRONICS & INFORMATIONA TECHNOLOGY,[NEW DELHI]",DNA1202500005284_20250329160044.pdf,
93275,15201/13/0010/2425,15201,"DEPT OF ECONOMIC AFFAIRS,[NEW DELHI]",DNA1202500002840_20250217210709.pdf,
16552,06108/12/0012/2425,06108,"CONTROLLER OF CERTIFYING AUTHORITIES, NEW DELHI",DNA1202500000599_20250110160250.pdf,
DE2245,21231/12/0022/2425,21231,"DELHI UNIVERSITY,NEW DELHI",DNA1202500003154_20250221195536.pdf,
168806,25103/15/0003/2425,25103,"KHADI & VILLAGE INDUSTRIES COMMISSION MUMBAI ,MUMBAI",DNA1202500004584_20250319185135.pdf,
CE312,17194/11/0019/2425,17194,CENTRAL DRUGS STANDARD CONTROL ORGANISATION,DNA1202500000596_20250110155654.pdf,
NA2279,06124/13/0001/2526,06124,NATIONAL E GOVERNANCE PLAN,DNA1202500010964_20250630190659.pdf,
16861,37101/13/0009/2526,37101,"MINISTRY OF SHIPPING ROAD TRANSPORT&HIGH, NEW DELHI",DNA1202500009823_20250611180543.pdf,
16504,58101/11/0001/2526,58101,"CABINET SECRETRAIT, NEW DELHI",DNA1202500006722_20250425154119.pdf,
NA325,28102/12/0001/2526,28102,"NATIONAL INSTITUTE OF SOLAR ENERGY,GURGAON",DNA1202500009047_20250604192038.pdf,
IN647,15228/12/0001/2526,15228,INTERNATIONAL FINANCIAL SERVICES CENTRES AUTHORITY,DNA1202500008575_20250528181628.pdf,
16128,40101/13/0003/2526,40101,"MINISTRY OF STEEL, NEW DELHI","DNA1202500006417_20250419190229.pdf,DNA1202500006417--REV RO_20250419203617.pdf",
CE293,06140/12/0003/2526,06140,CENTRE FOR DEVELOPMENT OF ADVANCED COMPUTING,DNA1202500007164_20250502204703.pdf,
16894,17129/11/0006/2526,17129,"NATIONAL INST OF COMMUNICABLE DISEASES, NEW DELHI",DNA1202500009491_20250607154313.pdf,
18737,48103/12/0003/2526,48103,BHABHA ATOMIC RESEARCH CENTRE MUMBAI,DNA1202500006608_20250423202410.pdf,
101987,41109/12/0007/2526,41109,"CENTRAL SILK BOARD,[BANGALORE]",DNA1202500007657_20250513181839.pdf,
101876,19133/11/0038/2526,19133,"NATIONAL INVESTIGATIVE AGENCY,[NEW DELHI]",DNA1202500018637_20251017172101.pdf,
DE2451,01401/13/0001/2526,01401,"DEPARTMENT OF FISHERIES,NEW DELHI",DNA1202500017499_20251001211122.pdf,
184111,13116/11/0007/2526,13116,"INDIRA GANDHI NATIONAL FOREST ACADEMY ,DEHRADUN",DNA1202500015452_20250909174550.pdf,
15804,36301/11/0004/2526,36301,"DEPT OF BIO TECHNOLOGY, NEW DELHI",DNA1202500016998_20250926152930.pdf,
SP282,49107/11/0004/2526,49107,"SPACE APPLICATION CENTRE SAC,AHMEDABAD",DNA1202500015614_20250911183231.pdf,
MI658,12110/11/0005/2526,12110,"MINISTRY OF EARTH SCIENCES,KOCHI",DNA1202500017579_20251003163412.pdf,
36865,05209/12/0003/2526,05209,"PETROLEUM AND EXPLOSIVES SAFETY ORGANISATION,[AGRA]",DNA1202500018207_20251011163316.pdf,
SA5791,48135/12/0008/2526,48135,"SAHA INSTITUTE OF NUCLEAR PHYSICS ,KOLKATA",DNA1202500017003_20250926154112.pdf,
15824,37101/13/0010/2526,37101,"DEPT OF ROAD TRANSPORT & HIGHWAYS, NEW DELHI",DNA1202500015096_20250904180839.pdf,
113724,41129/13/0002/2526,41129,"NATIONAL JUTE BOARD,[KOLKATA].",DNA1202500013871_20250814182802.pdf,
MI654,19101/13/0022/2526,19101,"MINISTRY OF HOME AFFAIRS,JWALAMUKHI,DIST KANGRA",DNA1202500019451_20251030162351.pdf,
IR47,48146/12/0012/2526,48146,IREL LIMITED,DNA1202500019064_20251024174434.pdf,
154142,21275/12/0007/2526,21275,"NATIONAL INSTITUTE OF TECHNOLOGY ,NEW DELHI",DNA1202500022476_20251217171923.pdf,
IN1358,21305/12/0005/2526,21305,"INDIAN INSTITUTE OF TECHNOLOGY,JODHPUR",DNA1202500020420_20251114194229.pdf,
CE109,06268/12/0002/2526,06268,CENTRE FOR DEVELOPMENT OF TELEMATICS NEW DELHI,DNA1202500019696_20251103192926.pdf,
16023,21265/12/0001/2526,21265,"JAMIA HAMDARD, NEW DELHI","DNA1202500021921_20251208184327.pdf,DNA1202500021921-REV_20251208184735.jpg",
18691,10201/11/0018/1819,10201,"OPTO ELECTRONICS FACTORY, DEHRADUN",,
16666,15401/13/0030/1819,15401,"DIRECTORATE OF INCOME TAX, NEW DELHI",,
9033,17132/11/0007/1819,17132,"CENTRAL RESEARCH INST , KASAULI",,
19027,10102/11/0715/1819,10102,MILITARY ENGINEERIN SERVICE GARRISON ENGINEER E-M DELHI CANTT,,
147238,47108/13/0014/1819,47108,"DEPARTMENT OF SPORTS, N. DELHI",,
ST10,10609/11/0008/1819,10609,STATION HQ'S CLEMENT TOWN PIN-900249 C/O56APO,,
187030,32301/13/0003/1819,32301,"DEPARTMENT OF PENSIONS & PENSIONERS ,NEW DELHI",,
MI17,13101/11/0020/1819,13101,MINISTRY OF ENVIRONMENT FOREST&CLIMATE CAHNGE,,
120090,06102/11/0004/1819,06102,"M/O. COMMUNICATIONS & IT,[NEW DELHI]",,
122981,17132/11/0009/1819,17132,"CENTRAL RESEARCH INSTITUTE,[KASAULI]",,
16990,46103/11/0004/1819,46103,"RASHTRIYA MAHILA KOSH, NEW DELHI",,
21964,25101/13/0011/1819,25101,"MICRO,SMALL & MEDIUM ENTERPRISE DEVELOPMENT INSTITUTE,[HALDWANI]",,
19099,12101/11/0101/1819,12101,"MINISTRY OF EARTH SCIENCE NEW DELHI ,NEW DELHI",,
52783,19112/11/0338/1819,19112,"14 TH BN BHARAT TIBBET SEEMA POLICE BAL,[PITHORAGARH]",,
18847,06302/13/0016/1819,06302,POSTAL LIFE INSURANCE NEW DELHI,,
214605,46106/13/0018/1819,46106,"NATIONAL INSTITUTE OF PUBLIC COOP.& CHILD DEV. ,[LUCKNOW]",,
156095,39102/13/0012/1819,39102,"NATIONAL SAMPLE SURVEY ORGANISATION ,DELHI REGION,",,
120616,34128/13/0005/1819,34128,"NATIONAL HYDRO POWER CORPORATIN LIMITED,[FARIDABAD]",,
45817,06338/13/0013/1819B,06338,"OFFICE OF THE CHIEF POSTMASTER GENERAL, [JAMMU]",,
46508,19112/11/0514/1819,19112,"INDO TIBBAT BORDER POLICE FORCE,[ALLAHABAD]",,
112559,10201/11/0073/1819,10201,"ORDNANCE FACTORY BOARD,[AMETHI]",,
IN175,19112/11/0152/1920,19112,"INDO TIBETAN BORDER POLICE FORCE,UTTARKASHI",,DNA1201900009740.pdf
42359,19112/11/0161/1920,19112,"INDO TIBETAN BORDER POLICE,[CHANDIGARH]",,DNA1201900009989.pdf
97342,22106/11/0001/1920,22106,"PRESS COUNCIL OF INDIA,[NEW DELHI]",,DNA1201900010981.pdf
30194,22212/11/0001/1920,22212,"PHOTO DIVISION,[NEW DELHI]",,DNA1201900011739.pdf
12467,17147/11/0010/1920,17147,"DR RAM MANOHAR LOHIA HOSPITAL ,NEW DELHI",,DNA1201900012836.pdf
16971,22205/11/0005/1920,22205,"PRESS INFORMATION BUREAU, NEW DELHI",,DNA1201900018402.pdf
16507,21107/11/0012/1920,21107,"CBSE-CENTRAL BOARD OF SEC EDUC, NEW DELHI",,DNA1201900018337.pdf
110251,21339/11/0009/1920,21339,"CENTRAL UNIVERSITY OF HIMACHAL PRADESH,[NEW DELHI]",,DNA1201900019728.pdf
56443,22210/13/0005/1920,22210,"FILMS DIVISION MINISTRY OF INFORMATION & BROADCASTING,[MUMBAI]",,DNA1201900019191.pdf
CH501,06338/11/0005/1920,06338,"CHIEF POST MASTER GENERAL,JAMMU",,DNA1201900020067.pdf
92276,10301/11/0122/1920,10301,"DEPARTMENT OF DEFENCE,[NEW DELHI]",,DNA1201900020987.pdf
RE174,22214/11/0002/1920,22214,REGISTRAR NEWSPAPERS OF INDIA,,DNA1202000001508.pdf
16615,18101/11/0003/1920,18101,"DEPT OF HEAVY INDUSTRIES, NEW DELHI",,DNA1202000003190.pdf
18741,10201/11/0081/1920,10201,ORDNANCE PARACHUTE FACTORY KANPUR,,DNA1202000002630.pdf
91648,15403/11/0029/1920,15403,"COMMISSIONER OF INCOME TAX,[NEW DELHI]",,DNA1202000004421.pdf
111719,06201/11/0001/2021,06201,"DEPARTMENT OF TELECOMMUNICATION,[LUCKNOW]",davpKNP_release_order_20200429191111.pdf,
149410,19112/11/0015/2021,19112,"OFFICE OF THE COMMANDANT 28 BN. ITBP, JATUSANA, [REWARI] ,JATUSANA",DNA1202000005772_20200529201250.pdf,
66549,19112/11/0008/2021,19112,"INDO TIBETAN BORDER POLICE,[RAIPUR]",DNA1202000005610_20200522203549.pdf,
TE130,06207/11/0001/2021,06207,TELECOM DISPUTES SETTLEMENT & APPELLATE TRIBUNAL,DNA1202000006479_20200620144431.pdf,KNPdavp0001_release_order.pdf
164295,37201/11/0003/2021,37201,"DEPARTMENT OF SHIPPING.,  ,NEW DELHI",DNA1202000007789_20200805180837.pdf,
122722,10602/11/0007/2021,10602,"DG SUPPLIES & TRANSPORT,[99 APO]",DNA1202000007534_20200727152719.pdf,
NA447,22211/11/0001/2021,22211,"NATIONAL FILM ARCHIVES OF INDIA,PUNE",DNA1202000008358_20200821202513.pdf,
IN477,37217/11/0001/2021,37217,"INDIAN MARITIME UNIVERSITY,KOLKATA",DNA1202000008270_20200820154021.pdf,
65921,19110/11/0057/2021,19110,"BORDER SECURITY FORCE,[GWALIOR]",davp_release_order_20210208173127.pdf,
SO268,06109/11/0014/2021,06109,"SOCIETY FOR APPLIED MICROWAVE ELE ENG & RES.,SAMEM",DELdavp14_release_order_20210219184757.pdf,
16708,41112/13/0001/2021,41112,"EXPORT PROMOTION COUNCIL FOR HANDICRFT, NEW DELHI",ROHdavp1_release_order_20210225204053.pdf,
16997,17145/11/0016/2021,17145,"SAFDARJUNG HOSPITAL, NEW DELHI",DELdavp16_release_order_20210223162842.pdf,
16627,15301/11/0008/2021,15301,"DEPT OF REVENUE, NEW DELHI",DELdavp08_release_order_20210223195403.pdf,
DG11,10149/11/0001/2021,10149,DG- MEDICAL SERVICE ARMY,JMUdavp01_release_order_20210323200822.pdf,
42703,08202/11/0009/2021,08202,"NATIONAL SUGAR INSTITUTE, [KANPUR]",AGRdavp09_release_order_20210320143357.pdf,
MA2138,21312/11/0002/2021,21312,MALVIYA NATIONAL INSTITUTE OF TECHNOLOGY JAIPUR,DDNdavp02_release_order_20210327191432.pdf,
39909,19112/11/0006/2122,19112,"34 BN,BHARAT TIBBET SEEMA POLICE BAL,[LALKUAN]",06__DEL_davp_20210414145155.pdf,
111463,34108/11/0002/2122,34108,"NATIONAL POWER TRAINING INSTITUTE,[NEW DELHI]",DNA1202100006759_20210717154121.pdf,
65356,19112/11/0047/2122,19112,"INDO TIBETAN BORDER POLICE 44 BN,[LOHIT]",DNA1202100006706_20210716151822.pdf,
16994,38115/11/0003/2122,38115,"REHABILITATION COUNCIL OF INDIA, NEW DELHI",KNPdavp_release_order_20210729211200.pdf,
DE1208,24101/11/0008/2122,24101,"DEPTT. OF JUSTICE,NEW DELHI",DNA1202100007718_20210811160404.pdf,
IN738,19112/11/0098/2122,19112,"INDO TIBETAN BORDER POLICE 53 RD BN,CHITOOR",ROH davp_release_order_20210914191528.pdf,
178779,19112/11/0103/2122,19112,"INDO TIBETAN BORDER POLICE, ,THE COMMANDANT 16 BN, ",GKP davp_release_order_20210914185248.pdf,
DG6,10602/11/0039/2122,10602,"DG,SUPPL. & TRANS HQ CENTRAL COMM PIN 908544 56APO",DNA1202100011038_20211026191049.pdf,
RA4052,33106/11/0001/2122,33106,RAJIV GANDHI INSTITUTE OF PERTROLEUM TECHNOLOGY,DNA1202100010953_20211025183726.pdf,
95707,10602/11/0042/2122,10602,"DG, SUPPLIES & TRANSPORT,[NEW DELHI]",DNA1202100011495_20211105170001.pdf,
RE61,07103/11/0009/2122,07103,REGISTRAR OF COMPANIES,DNA1202200003316_20220314195912.pdf,
IN566,19112/11/0269/2122,19112,"INDO TIBETAN BORDER POLICE 27TH BN,KERALA",DNA1202200003794_20220324154617.pdf,
84027,19112/11/0262/2122,19112,INDO TIBETAN BORDER POLICE [JOSHIMAT],DNA1202200003725_20220323163906.pdf,
DE1542,06245/12/0002/2223,06245,"DEPT OF TELECOMMUNICATION, DEHRADUN",DNA1202200005224_20220419182706.pdf,
37967,10201/12/0001/2223,10201,"ORDNANCE FACTORY PROJECT KORWA,[LUCKNOW]",DNA1202200005644_20220427172056.pdf,
TE94,06234/12/0001/2223,06234,"TELECOM ENFORCEMENT, RESOURCES & MONITORING CELL",DNA1202200006107_20220507180521.pdf,
226589,36118/12/0001/2223,36118,"NATIONAL INNOVATION FOUNDATION ,NEW DELHI",DNA1202200006654_20220520184552.pdf,
IN656,10113/11/0004/2223,10113,INSTITUTE OF DEFENCE STUDIES & ANALYSYS NEW DELHI,DNA1202200006853_20220524194411.pdf,
18562,06130/12/0005/2223,06130,"CENTRE FOR DEVELOPMENT OF ADVANCED COMPUTING, NOIDA",DNA1202200007320_20220601153338.pdf,
15633,01115/12/0004/2223,01115,"AGRICULTURE INSURANCE CO OF INDIA LTD, NEW DELHI",DNA1202200007886_20220610192029.pdf,
MI347,06101/11/0001/2223,06101,MINISTRY OF ELECTRONICS & INFORMATION TECH DELHI,DNA1202200008576_20220624171227.pdf,
536,21345/12/0001/2223,21345,INDIRA GANDHI NATIONAL TRIBAL UNIVERSITY,DNA1202200009138_20220707203047.pdf,
226584,07101/11/0005/2223,07101,"M/O CORPORATE AFFAIRS ,NEW DELHI",DNA1202200009458_20220713211348.pdf,
18884,09141/12/0004/2223,09141,KATHAK KENDRA NEW DELHI,DNA1202200009736_20220720152449.pdf,
112360,32205/11/0004/2223,32205,"CBI ACADEMY,[GHAZIABAD]",DNA1202200009660_20220718191030.pdf,
95837,06136/12/0004/2223,06136,"SOFTWARE TECHNOLOGY PARKS OF INDIA,[NOIDA]",DNA1202200011349_20220823202041.pdf,
NA1960,23188/12/0002/2223,23188,NATIONAL INSTITUTE FOR CAREER SERVICE,DNA1202200013913_20221011174631.pdf,
MS224,25113/12/0062/2223,25113,"MSME DEVELOPMENT INSTITUTE ,KARNAL",DNA1202200015294_20221109201432.pdf,
HY20,33115/12/0002/2223,33115,HYDROCARBAN SECTOR SKILL COUNCIL DELHI,DNA1202200015093_20221104185051.pdf,
NA295,47113/12/0007/2223,47113,NATIONAL DOPE TESTING LABORATORY NEW DELHI,DNA1202200015718_20221118151333.pdf,
16805,21106/12/0002/2223,21106,"KENDRIYA VIDYALAYA SANGATHAN, NEW DELHI",DNA1202200016424_20221202204241.pdf,
IN759,21369/12/0006/2223,21369,INDIAN INSTITUTE OF TECHNOLOGY PALAKKAD KERALA,DNA1202200017684_20221228182302.pdf,
18576,10202/11/0016/2223,10202,"CENTRAL ORDNANCE DEPOT, AGRA",DNA1202200017155_20221217150303.pdf,
20404,19112/11/0146/2223,19112,"INDO TIBETAN BORDER POLICE, [SONEITPUR]",DNA1202200017623_20221227170646.pdf,
16903,38110/12/0005/2223,38110,"NATIONAL INST OF SOCIAL DEFENCE, NEW DELHI",DNA1202300000177_20230105174611.pdf,
NA1464,62102/12/0017/2223,62102,NATIONAL HOUSING BANK DELHI,DNA1202300000298_20230107164949.pdf,
AL345,17186/12/0007/2223,17186,"ALL INDIA INST OF MEDICAL SCIENCES,BIBINAGAR",DNA1202200017833_20221231145921.pdf,
31771,25113/12/0148/2223,25113,"MSME DEVELOPMENT INSTITUTE CHAMBAGHAT,[SOLAN]",DNA1202300000896_20230118201038.pdf,
OF90,06245/12/0008/2223,06245,"OFFICE OF THE DDG,STATE COORDINATION,UTTARAKHAND",DNA1202300004585_20230329151741.pdf,
92893,19110/11/0036/2324,19110,"BORDER SECURITY FORCE,[JAMMU]",DNA1202300007353_20230523190142.pdf,
19184,17209/12/0002/2324,17209,NATIONAL INSTITUTE OF HOMOEOPATHY KOLKATA,DNA1202300007889_20230602154235.pdf,
DE759,15415/13/0001/2324,15415,"DEPARTMENT OF FINANCIAL SERVICES,NEW DELHI",DNA1202300008461_20230612212546.pdf,
43208,01302/12/0008/2324,01302,"INDIAN COUNCIL FOR AGRICULTURAL RESEARCH,[NEW DELHI]",DNA1202300008584_20230614202129.pdf,
220501,07118/12/0006/2324,07118,"NATIONAL COMPANY LAW TRIBUNAL ,NEW DELHI",DNA1202300008457_20230612211243.pdf,
16979,05205/15/0002/2324,05205,"QUALITY COUNCIL OF INDIA, NEW DELHI",DNA1202300009244_20230626203200.pdf,
CE3,36306/12/0002/2324,36306,CENTRE FOR DNA FINGERPRINTING & DIAGNOSTIC,DNA1202300009438_20230630145108.pdf,
134768,34106/12/0004/2324,34106,"ENERGY EFFICIENCY SERVICES LTD., [NOIDA]",DNA1202300012374_20230821143934.pdf,
IN434,21361/12/0006/2324,21361,INDIAN INST OF INFORMATION TECHNOLOGY LUCKNOW,DNA1202300015028_20231005145452.pdf,
JO55,34124/12/0013/2324,34124,JOINT ELECTRICITY REGULATORY COMMISSION,DNA1202300016415_20231027205300.pdf,
NA1720,20111/12/0001/2324,20111,NATIONAL INSTITUTE OF URBAN AFFAIRS NEW DELHI,DNA1202300015139_20231006190735.pdf,
IN650,37220/12/0002/2223,37220,INDIA PORTS GLOBAL LTD MUMBAI,DNA1202300013019_20230831193915.pdf,
MI471,37205/13/0002/2324,37205,MINISTRY OF PORTS SHIPPING & WATERWAYS NEW DELHI,DNA1202300014344_20230922203125.pdf,
OF103,37221/12/0003/2324,37221,OFFICE OF THE SEAMENS PROVIDENT FUND COMMISSIONER,DNA1202300013598_20230911193856.pdf,
SC67,36207/12/0006/2324,36207,SCIENCE & ENGINEERING RESEARCH BOARD NEW DELHI,DNA1202300018045_20231124202127.pdf,
IN1204,21202/12/0008/2324,21202,"INDIAN COUNCIL OF PHILOSOPHICAL RESEARCH,NEW DELHI",DNA1202400000874_20240112211140.pdf,
CE303,15111/11/0001/2324,15111,"CENTRAL PENSION ACCOUNTING OFFICE,NEW DELHI",DNA1202300019886_20231226143550.pdf,
16181,25106/15/0001/2324,25106,"NATIONAL SMALL INDUSTRIES CORPO  LTD, NEW DELHI",DNA1202400003808_20240220195146.pdf,
154600,21323/12/0003/2425,21323,"TATA INSTITUTE OF SOCIAL SCIENCE ,MUMBAI",DNA1202400008992_20240524204411.pdf,
AI114,03111/15/0016/2324,03111,"AIRPORT AUTHORITY OF INDIA, NEW DELHI",DNA1202400005378_20240311144610.pdf,
NU72,48132/12/0017/2324,48132,NUCLEAR POWER CORPORATION OF INDIA LIMITED,DNA1202400004690_20240302153031.pdf,
RA4702,17149/12/0001/2324,17149,"RAK COLLEGE OF NURSING,NEW DELHI",DNA1202400005211_20240308173101.pdf,
29100,07108/15/0021/2425,07108,"INSTITUTE OF CHARTERED ACCOUNTANT OF INDIA,[NEW DELHI]",DNA1202400013589_20240824195134.pdf,
OF116,15227/15/0003/2425,15227,"OFFICE OF THE EXECUTIVE COUNCIL OF INSUERRS,MUMBAI",DNA1202400015177_20240923183528.pdf,
IN862,05201/11/0012/2425,05201,INDUSTRIAL POLICY AND INVESTMENT PROMOTION DEPTT.,DNA1202400012743_20240809154810.pdf,
1266,32201/11/0009/2425,32201,DEPTT. OF PERSONNEL AND TRAINING,DNA1202400013207_20240816185805.pdf,
CE317,06134/12/0002/2425,06134,CENTER FOR MATERIALS FOR ELECTRONICS TECHNOLOGY,DNA1202400018942_20241129214627.pdf,
HA1803,41127/12/0001/2425,41127,HANDICRAFTS AND HANDLOOMS EXPORTS COR. OF INDIA,Central Bureau of Communication _ CBC1_20241231143613.pdf,
16860,36101/11/0007/2425,36101,"MINISTRY OF SCIENCE & TECHNOLOGY, NEW DELHI",DNA1202400015856_20241004155121.pdf,
106233,10802/11/0057/2425,10802,"INDIAN AIR FORCE[CL],C/O 56 APO",DNA1202500003496_20250227183737.pdf,
IN668,10119/11/0005/2425,10119,INDIAN COAST GUARD DELHI,Central Bureau of Communication _ CBC__DSL_05_20250208183824.pdf,
NA919,47116/12/0001/2526,47116,"NATIONAL  SPORTS UNIVERSITY,SOCIETY",DNA1202500008345_20250524151031.pdf,
OF120,24302/11/0002/2526,24302,"OFFICIAL LANGUAGES WING,ROOM NO 723A 7TH FLOOR",DNA1202500009791_20250611153203.pdf,
154636,17171/15/0001/2526,17171,"NATIONAL ORGAN AND TISSUE TRANSPLANT ORG,NEW DELHI ,DELHI",DNA1202500012249_20250719182748.pdf,
214266,45128/12/0004/2526,45128,"DRINIKING WATER AND SANITATION ,NEW DELHI",DNA1202500011933_20250715202648.pdf,
212778,07121/12/0005/2526,07121,"INSOLVENCY AND BANKRUPTCY BOARD OF INDIA ,NEW DELHI",DNA1202500011451_20250708175328.pdf,
IN1363,06174/15/0001/2526,06174,"INDIA SEMICONDUCTOR MISSION,NEW DELHI",DNA1202500014578_20250826210106.pdf,
2398,21306/12/0004/2526,21306,"MOTILAL NEHRU NATIONAL INST OF TECHNOLO, ALLAHABAD",DNA1202500014963_20250902184616.pdf,
PR4715,46112/13/0001/2526,46112,"PRADHAN MANTRI MATRU VANDAN YOJANA,NEW DELHI",DNA1202500012932_20250731205310.pdf,
120014,21380/12/0002/2526,21380,"BOARD OF APPRENTICESHIP TRAINING,[NORTHERN REIGION],[KANPUR]",DNA1202500017049_20250926202618.pdf,
110023,44105/11/0001/2526,44105,"CENTRAL PUBLIC WORKS DEPARTMENT, DIVI.-I,[NEW DELHI]",DNA1202500017737_20251004192951.pdf,
IN95,36129/11/0002/2526,36129,INST OF MINERALS AND MATERIALS TECHNOLOGY,DNA1202500017599_20251003175201.pdf,
CG1,20105/12/0014/2526,20105,"CGEWHO,NEW DELHI",DNA1202500022148_20251211182700.pdf,
UR157,48134/12/0034/2526,48134,URANIUM CORPORATION OF INDIA LTD SINGHBHUM EAST,"DNA1202500021723_20251205162507.pdf,DNA1202500021723A_20251205165555.eml",
152227,37112/12/0009/2526,37112,"NATIONAL HIGHWAY & INFRASTRUCTURE DEVELOPMET CORPRATION LTD ,NEW DELHI",DNA1202500022434_20251216192455.pdf,
52549,10201/11/0020/1819,10201,"ORDNANCE FACTORY BOARD CORDITE FACTORY ARUVANKADU,[NILGIRIS]",,
16831,10102/11/0701/1819,10102,"MILITARY ENG  SERVICES, NEW DELHI",,
27655,22207/11/0002/1819,22207,"SONG AND DRAMA DIVISION,[NEW DELHI]",,
119477,17301/11/0007/1819,17301,"DEPARTMENT OF HEALTH SERVICES,[NEW DELHI]",,
155995,17203/11/0002/1819,17203,"NATIONAL MEDICINAL PLANTS BOARD,  ,NEW DELHI",,
40341,10102/11/758/1819,10102,"GARRISON ENGINEER, [GURDASPUR]",,
OR7,10202/11/0037/1819,10202,"ORDNANCE DEPOT,FORT ALLAHABAD PIN-908778 C/O56APO",,
188568,06331/13/0007/1819,06331,"PHILATELY DIVN.,  ,MEGHDOOT BHAVAN,",,
16156,01143/13/0004/1819,01143,"NATIONAL CENTRE FOR ORGANIC FARMING, NEW DELHI",,
207026,37102/11/0015/1819,37102,"BORDER ROAD ORGANISATION ,[HALDWANI]",,
CE10,19111/11/0663/1819,19111,"CENTRAL RESERVE POLICE FORCE,KATHGODAM",,
152267,06101/13/0016/1819,06101,"DEPT OF ELECTRONIC & INFORMATION TECHNOLOGY ,NEW DELHI",,
18655,06302/13/0023/1819,06302,"DTE. OF POSTAL LIFE INSURANCE, NEW DELHI",,
226593,01146/11/0005/1819,01146,"M/O AGRICULTURAL & FARMERS WELFARE ,NEW DELHI",,
42521,19112/11/0004/1920,19112,"INDO TIBIET BORDER POLICE, [PATIALA]",,
76790,19112/11/0010/1920,19112,"INDO TIBETAN BORDER POLICE 7TH BN,[PO MIRTHI]",,
92464,10604/11/0001/1920,10604,"WESTERN COMMAND,[56 APO]",,
139931,19112/11/0079/1920,19112,"ITB POLICE FORCE, NATHUPUR,[SONIPAT]",,
IN79,17121/11/0004/1920,17121,"INTERNATIONAL INSTT.OF POPULATION SCIENCE,MUMBAI",,DNA1201900010102.pdf
48150,10301/11/0039/1920,10301,"INSTRUMENTS RES. & DEVE. ESTABLISHMENT DRDO RAIPUR ROAD,[DEHRADUN]",,DNA1201900011306.pdf
31624,07113/13/0001/1920,07113,"THE INSTITUTE OF COMPANY SECRETARIES OF INDIA,[NEW DELHI]",,DNA1201900013062.pdf
PR1087,15536/11/0001/1920,15536,PRINCIPAL COMMISSIONER OF CUSTOMS - EXPORT,,DNA1201900015536.pdf
OI1,33113/11/0008/1920,33113,OIL INDUSTRY DEVELOPMENT BOARD,,DNA1201900018879.pdf
AD227,10120/11/0006/1920,10120,ADDL DTE GEN TERRITORIAL ARMY,,DNA1201900021131.pdf
19139,36111/11/0002/2021,36111,ARYABHATTA RESEARCH INSTITUTE OF OBSERVATIONAL SCIENCE [ARIES] NANITAL,DNA1202000005442_20200515200451.pdf,
157250,36302/11/0002/2021,36302,"BIOTECHNOLOGY INDUSTRY RESEARCH ASSISTANCE COUNCIL ,NEW DELHI",DNA1202000005997_20200604174448.pdf,
84883,19112/11/0049/2021,19112,"INDO TIBETAN BORDER POLICE FORCE,[BABELI]",DNA1202000007361_20200721153407.pdf,
85775,19112/11/0090/2021,19112,"36 BN,I T B POLICE,[LOHAGHAT]",DNA1202000009060_20200910145806.pdf,
NA1048,15423/13/0001/2021,15423,NATIONAL CREDIT GUARANTEE TRUSTEE COMPANY MUMBAI,LKO_01__davp_release_order_20210226210807.pdf,
104928,19112/11/0221/2021,19112,"INDO TIBETAN BORDER POLICE, [PAPUMPARE]",AGRdavp221_release_order_20210305161306.pdf,
20149,19112/11/0119/2122,19112,"COMMANDANT 21 BN ITBP, [SRINAGAR]",MRT davp_release_order_20210929184410.pdf,
116499,10606/11/0003/2122,10606,"CENTRAL COMMAND OFFICE,[LUCKNOW]",DNA1202100012151_20211119161441.pdf,
NA1802,39107/11/0002/2122,39107,NATIONAL STATISTICAL SYSTEMS TRAINING ACADEMY,DNA1202200001589_20220207173511.pdf,
144356,19112/11/0239/2122,19112,INDO TIBETAN BORDER POLICE,DNA1202200002474_20220225165617.pdf,
151166,17221/12/0009/2223,17221,"CENTRAL COUNCIL FOR RESEARCH IN HOMOEOPATHY ,NEW DELHI",DNA1202200004783_20220411164002.pdf,
42850,26111/12/0001/2223,26111,"NATIONAL ALUMINIUM COMPANY LTD.,[BHUBANESWAR]",DNA1202200005208_20220419174823.pdf,
RE453,22204/11/0004/2223,22204,REGIONAL OUTREACH BUREAU,DNA1202200007104_20220528184003.pdf,
BO115,19110/11/0038/2223,19110,BORDER SECURITY FORCE MHA 95BN,DNA1202200007650_20220607175922.pdf,
AL45,17186/12/0004/2223,17186,ALL INDIA INSTITUTE OF MEDICAL SCIENCES,DNA1202200010361_20220802182844.pdf,
110548,10622/11/0036/2223,10622,"COMMAND HOSPITAL,[LUCKNOW]",DNA1202200010166_20220729145158.pdf,
BO77,19110/11/0070/2223,19110,BORDER SECURITY FORCE MOHALI,DNA1202200012327_20220914185033.pdf,
VA478,17169/12/0009/2223,17169,VALLABHBHAI PATEL CHEST INSTITUTE DELHI,DNA1202200013146_20220928182847.pdf,
127058,21104/12/0016/2223,21104,"NCERT,[DEHRADUN]",DNA1202200012833_20220923183953.pdf,
NA1572,09110/12/0004/2223,09110,NATIONAL GALLERY OF MODERN ART NEW DELHI,DNA1202200013538_20221004184546.pdf,
MS232,25113/12/0123/2223,25113,"MSME DEVELOPMENT INSTITUTE ,BHIWANI",DNA1202300000289_20230107155956.pdf,
LA95,21371/12/0013/2223,21371,LAL BAHADUR SHASTRI RASHTRIYA SANSKRIT VIDHYAPEETH,DNA1202300003318_20230306185443.pdf,
CE267,23105/12/0023/2223,23105,CENTRAL EMPLOYMENT EXCHANGE,DNA1202300003421_20230309190427.pdf,
RS81,17133/12/0002/2223,17133,"RSTC,NAJAFGARH NEW DELHI",DNA1202300004119_20230322153917.pdf,
116122,19108/11/0003/2324,19108,"REGISTRAR GENERAL OF INDIA[HEADQUARTERS],[NEW DELHI]",DNA1202300006063_20230428144701.pdf,
TI230,36114/12/0003/2324,36114,"TIFAC,NEW DELHI",DNA1202300006068_20230428151547.pdf,
16852,24301/11/0001/2324,24301,"MINISTRY OF LAW & JUSTICE, NEW DELHI",DNA1202300006960_20230516181408.pdf,
SA3568,48135/12/0012/2324,48135,SAHA INSTITUTE OF NUCLEAR PHYSICS DELHI,DNA1202300006972_20230516184236.pdf,
CS43,36212/12/0002/2324,36212,CSIR-CENTRAL SALT & MARINE CHEMICALS RESEARCH INST,DNA1202300008027_20230605144324.pdf,
MI411,35301/11/0002/2324,35301,MINISTRY OF JAL SHAKTI NEW DELHI,DNA1202300009287_20230627184047.pdf,
NA215,22105/12/0005/2324,22105,NATIONAL FILM DEVELOPMENT CORPORATION,DNA1202300009843_20230707184147.pdf,
AD761,10127/13/0001/2324,10127,"ADGPI,INDIAN ARMY",DNA1202300010825_20230725184545.pdf,
18565,25133/15/0004/2324,25133,"KHADI & VILLAGE INDUSTRIES COMMISSION, NEW DELHI",DNA1202300015677_20231014193208.pdf,
DE2018,15601/11/0001/2324,15601,"DEPTT. DISINVESTMENT DIPAM BLOCK 11 AND 14,CGO COM",DNA1202300012990_20230831145815.pdf,
8160,13136/12/0010/2324,13136,"G B PANT INST OF HIMALAYAN ENV & DEV, ALMORA",DNA1202300013591_20230911184549.pdf,
IN1190,19112/11/0113/2324,19112,"INDO TIBETAN BORDER POLICE 51ST BN,PUNJAB",DNA1202300017722_20231120181142.pdf,
AR1128,10146/11/0003/2324,10146,"ARMED FORCES TRIBUNAL CELL,NEW DELHI",DNA1202300014333_20230922190851.pdf,
MO1282,10622/13/0069/2324,10622,"MOD CHEQUE,LUCKNOW",DNA1202400000919_20240113182423.pdf,
32133,10110/13/0001/2324,10110,"MINISTRY OF DEFENCE DG NCC,[NEW DELHI]",DNA1202400001770_20240124203353.pdf,
AG439,01377/12/0004/2324,01377,AGRINNOVATE INDIA LIMITED,DNA1202400001027_20240115202230.pdf,
157635,22103/11/0006/2425,22103,"INDIAN INSTITUTE OF MASS COMMUNICATION ,NEW DELHI",DNA1202400012343_20240802150345.pdf,
NA2794,27102/11/0001/2425,27102,"NATIONAL COMMISSION FOR MINORITIES,NEW DELHI",DNA1202400014178_20240905171007.pdf,
171199,38118/11/0007/2425,38118,"NATIONAL INSTT. FOR EMPOWERMENT OF PERSONS WITH INTELLECTUAL  DISABILITIES ,Chennai",DNA1202400014044_20240903155252.pdf,
ES75,23154/12/0002/2425,23154,"ESIC HOSPITAL SOROJINI NAGAR,LUCKNOW",DNA1202400017019_20241024185259.pdf,
CE280,3622/12/0001/2425,3622,CENTRAL SALT & MARINE CHEMICAL RES. INST BHAVNAGAR,DNA1202400019106_20241203181101.pdf,
IN11,21255/12/0013/2425,21255,INDIAN INSTITUTE OF TECHNOLOGY KHARAGPUR,DNA1202500000095_20250102185323.pdf,
DR3478,45128/11/0001/2425,45128,DR.SYAMA PRASA MUKERJEE INST OF MEDICAL SCIENCE,DNA1202500003812_20250305151925.pdf,
93314,57103/15/0018/2425,57103,"SPORTS AUTHORITY OF INDIA,[UDHAMPUR]",DNA1202500004398_20250315201724.pdf,
NA2648,49112/11/0002/2526,49112,"NATIONAL REMOTE SENSING AGENCY,HYDERABAD",DNA1202500007482_20250509154704.pdf,
NA2955,39122/11/0002/2526,39122,"NATIONAL STATISTICAL OFFICE,LUCKNOW",DNA1202500011629_20250710192620.pdf,
16840,11101/13/0002/2526,11101,"MINISTRY OF DEV OF NORTH EASTERN REGION, NEW DELHI",DNA1202500008095_20250520212046.pdf,
RE675,21209/12/0001/2526,21209,"REGIONAL INSTITUTE OF EDUCATION,NCERT,AJMER",DNA1202500008929_20250603172800.pdf,
DI512,23102/12/0001/2526,23102,DIRECTORATE GENERAL OF MINES SAFETY,DNA1202500013352_20250807144919.pdf,
222505,47107/11/0010/2526,47107,"DEPTT. OF YOUTH AFFAIRS ,HAMIRPUR",DNA1202500015343_20250908173203.pdf,
SH7214,21371/12/0007/2526,21371,SHRI LAL BAHADUR SHASTRI NATIONAL SANSKRTI UNIVERS,DNA1202500016476_20250919222634.pdf,
MA692,21336/12/0001/2526,21336,MAHATMA GANDHI CENTRAL UNIVERSITY BIHAR,DNA1202500012906_20250731185825.pdf,
172456,49121/12/0006/2526,49121,"INDIAN SPACE RESEARCH ORGANISATION,AHMEDABAD ,AHMEDABAD",DNA1202500017608_20251003181557.pdf,
PA2466,17178/12/0004/2526,17178,"PASTEUR INSTITUTE OF INDIA COORNOOR,NILGIRIS",DNA1202500020915_20251122162504.pdf,
16759,22103/11/0008/2526,22103,"INDIAN INST OF MASS COMMUNICATION, NEW DELHI",DNA1202500022219_20251212180114.pdf,
C-4,06165/12/0006/2526,06165,C-DAC THIRUVANATHAPURAM,DNA1202500018962_20251023162022.pdf,
IN1387,19149/13/0002/2526,19149,"INDIAN CYBER CRIME COORDINATION CENTER,NEW DELHI",DNA1202500019711_20251103204405.pdf,
27658,10102/11/0680/1819,10102,"MILITARY ENGINEERING SERVICES COMM. WORKS ENGR[PROJECTS],[DELHI CANTT]",,
27924,08101/11/0010/1819,08101,"CONSUMER AFFAIRS & PUBLIC DISTRIBUTION, [DODA ]",,
28291,10102/11/0779/1819,10102,"MILITARY ENGINEER SERVICES, [LUCKNOW]",,
56512,19111/11/0573/1819,19111,"CENTRAL RESERVE POLICE FORCE,[ALLAHABAD]",,
161916,24101/13/0006/1819,24101,"DEPT OF LAW JUSTICE AND LEGISLATIVE AFFAIR ,NEW DELHI",,
RE35,22204/11/0013/1819,22204,"REGIONAL OUTREACH BUREAU,38,TILAK ROAD,DEHRADUN",,
16883,21334/11/0005/1819,21334,"NATIONAL COUNCIL FOR TEACHER EDUCATION, NEW DELHI",,
19072,19110/11/0079/1819,19110,BORDER SECURITY FORCE JAMMU,,
10347,23167/11/0006/1819,23167,"ESIC MODEL HOSPITAL, JAMMU",,
DE211,10301/11/0179/1819,10301,"DEFENCE RESEARCH & DEVELOPMENT,HALDWANI",,
86888,19111/11/0580/1819,19111,"CENTRAL RESERVE POLICE FORCE,[JAMMU]",,
IN99,10201/11/0048/1819,10201,"INDIAN ORDNANCE,ARUVANKADU,THE NILGIRIS",,
16117,21252/11/0006/1819,21252,"MINISTRY OF HUMAN RESOURCE & DEV, NEW DELHI",,
116007,35101/13/0026/1819,35101,"RURAL DEVELOPMENT AUTHORITY,[NEW DELHI]",,
92186,01143/13/0008/1819,01143,NATIONAL CENTRE OF ORGANIC FARMING [GHAZIABAD],,
137954,06124/13/0011/1819,06124,"DEPTT. OF ELECTRONICS & INFORMATION TECHNOLOGY., [NEW DELHI]",,
16542,19141/13/0005/1819,19141,"CISF-CENTRAL INDUSTRIAL SECURITY FORCE, NEW DELHI",,
52534,24203/11/0001/1920,24203,"INDIAN LAW INSTITUTE,[NEW DELHI]",,
124368,19112/11/0108/1920,19112,"47TH BATALLION, ITBP,[JAMMU]",,DNA1201900008285 18DAVP108.pdf
31867,10602/11/0011/1920,10602,MUKHYALAYA MADHYA KAMAN HEADQUARTERS CENTRAL COMMAND PIN-900540 56 APO,,DNA1201900008863.pdf
57275,17175/11/0001/1920,17175,"INDIAN PHARMACOPOEIA COMMISSION, [GHAZIABAD]",,DNA1201900009789.pdf
16930,47102/11/0005/1920,47102,"NEHRU YUVA KENDRA SANGATHAN, NEW DELHI",,DNA1201900012482.pdf
SA1385,19144/11/0004/1920,19144,SASHASTRA SEEMA BAL DIDIHAT,,DNA1201900018510.pdf
81275,25101/13/0025/1920,25101,"MINISTRY OF MSME-NIESBUD,[NEW DELHI]",,DNA1202000003553.pdf
18645,25113/11/0261/1920,25113,"MSME DEVELOPMENT INSTITUTE, HALDWANI",,DNA1202000004527.pdf
NA939,21221/11/0001/2021,21221,NATIONAL COUNCIL OF TECHNICAL EDUCATION NEW DELHI,DNA1202000008235_20200819174903.pdf,
23793,10201/11/0012/2021,10201,"ORDNANCE FACTORY, [KANPUR]",KNP davp_release_order_20200928180520.pdf,
106157,10602/11/0001/2122,10602,"DG, SUPPLIES & TRANSPORT,[C/O 56 APO]","HISdavp01_release_order_20210409195822.pdf,OLD RO 001davp_release_order_20210413151137.pdf",
MI259,41113/11/0001/2122,41113,MINISTRY OF TEXTIME NEW DELHI,DNA1202100007945_20210816152716.pdf,
SE234,21231/11/0006/2122,21231,SECTION OFFICER,DNA1202100011796_20211112170633.pdf,
15840,17101/11/0007/2122,17101,"DIRECTORATE OF HEALTH & FAMILY WELFARE, NEW DELHI",DNA1202100011826_20211112192551.pdf,
PR3060,02105/12/0001/2122,02105,PROJECTS AND DEVELOPMENT INDIA LIMITED,DNA1202200003432_20220316163754.pdf,
116030,10202/11/0005/2223,10202,"DG, ORDNANCE SERVICES,[56 APO]",DNA1202200006000_20220505153034.pdf,
18267,21103/12/0007/2223,21103,"NATIONAL TRUST, DELHI",DNA1202200007488_20220603174245.pdf,
GE211,26112/12/0001/2223,26112,"GEOLOGICAL SURVEY OF INDIA,WESTERN REGION,JAIPUR",DNA1202200011922_20220906180954.pdf,
NA2524,21315/12/0004/2324,21315,NATIONAL ACCREDITATION BOARD FOR CERTIFICATION BRD,DNA1202300016840_20231103154139.pdf,
229107,01328/12/0004/2324,01328,"ICAR-CENTRAL RESEARCH INSTITUTE FOR JUTE & ALLIED FIBERS ,KOLKATA",DNA1202400002586_20240205181922.pdf,
DE2105,10301/11/0138/2324,10301,"DEPTT. OF DEFENCE RESEARCH & DEVELOPMENT/DRDO, MOD",DNA1202300019326_20231215154314.pdf,
IR17,48139/12/0004/2425,48139,IREAL INDIA LTD,DNA1202400009885_20240612203530.pdf,
143508,37112/12/0005/2425,37112,"NATIONAL HIGHWAYS & INFRASTRUCTURE DEVELOPMENT CORPN LTD., [NEW DELHI]",DNA1202400012764_20240809173608.pdf,
121396,15229/12/0001/2424,15229,"NATIONAL AGRICULTURE INSURANCE SCHEME,[NEW DELHI]",,
NO125,17119/11/0007/2425,17119,NORTH EASTERN INDIRA GANDHI REGIONAL INSTITUTE,DNA1202400015003_20240920161224.pdf,
IN1281,13134/12/0002/2425,13134,"INTEGRATED REGIONAL OFFICE MOEF&CC CHENNAI,NUNGAMB",DNA1202400016243_20241011142343.pdf,
NA2880,17220/11/0002/2425,17220,"NATIONAL AID RESEARCH INSTITUTE,JAMMU",DNA1202400020115_20241220161253.pdf,
CE330,38126/11/0004/2425,38126,CENTRE FOR DISABILLTY SPORTS GWAILER,DNA1202500004760_20250321193349.pdf,
NI979,06145/12/0007/2425,06145,"NIELIT,KURUKSHETRA",DNA1202500000835_20250114175928.pdf,
192867,06224/12/0001/2526,06224,"TELECOM ENFORCEMENT, RESOURCES & MONITORING CELL, ,DEHRADUN",DNA1202500006817_20250426172744.pdf,
122982,17132/11/0008/2526,17132,"MINISTRY OF HEALTH & FAMILY WELFARE,[KASAULI]",DNA1202500012125_20250718154216.pdf,
DE2397,35201/11/0004/2526,35201,DEPARTMENT OF LAND RESOURCES- NEW DELHI,DNA1202500013309_20250806184331.pdf,
NA1734,17222/12/0002/2526,17222,NATIONAL MEDICAL COMMISSION NEW DELHI,DNA1202500015337_20250908172246.pdf,
226720,15415/13/0009/1819,15415,"D/O FINANCIAL SERVICES ,NEW DELHI",,
137836,17206/11/0009/1819,17206,"CENTRAL COUNCIL OF HOMOEOPATHY, [NEW DELHI]",,
177358,36101/11/0012/1819,36101,"DEPTT. OF SCIENCE & TECHNOLOGY, ,NATIONAL ATLAS & THEMATIC,",,
51086,10102/11/0769/1819,10102,"MES, [LANSDOWN]",,
91660,10102/11/0784/1819,10102,"MILITARY ENGINEERING SERVICE CHIEF ENG.,LUCKNOW ZONE,[56 APO]",,
70445,19112/11/0407/1819,19112,"INDO TIBETAN BORDER POLICE 5 BN,[56 APO]",,
15825,36201/13/0009/1819,36201,"DEPT OF SCIENTIFIC & INDUST RES, NEW DELHI",,
16534,10301/11/0023/1920,10301,"CENTRE FOR FIRE EXPLOSIVE & ENV SAFYTY, NEW DELHI",,DNA1201900009089.pdf
127039,19112/11/0257/1920,19112,"INDO TIBETAN BORDER POLICE, DIST. KATIHAR, [BIHAR]",,DNA1201900012908.pdf
175117,13101/11/0022/1920,13101,"MINISTRY OF ENVIRONMENT EVAM FOREST ,KENDRIYA BHAWAN ALIGANJ",,DNA1201900018840.pdf
121166,19112/11/0425/1920,19112,"INDO TIBETAN BORDER POLICE KAMRUP,[GUWAHTI]",,DNA1202000000953.pdf
171143,45114/11/0001/2021,45114,"NATIONAL WATER DOVELOPMENT AGENCY, ,[JHANSI]",DNA1202000005656_20200526190101.pdf,
DE776,01201/11/0003/2021,01201,"DEPT.OF ANIMAL HUSBANDRY AND DAIRYING,NEW DELHI",DNA1202000007667_20200731144053.pdf,
27972,19112/11/0071/2021,19112,"COMMANDANT 23 BN ITBP PO SEEMADWAR, [DEHRADUN]",DNA1202000008665_20200831173310.pdf,
117471,19112/11/0095/2021,19112,"INDO TIBETAN BORDER POLICE,[APO 99]",DNA1202000009366_20200918190930.pdf,
MS137,25113/11/0067/2021,25113,"MSME DEVELOPMENT INSTITUTE,KARNAL",KRNLdavp67_release_order_20210215183536.pdf,
MI268,13101/11/0003/2122,13101,MINISTRY OF ENVIRMENT FOREST AND CLIMATE CHANGE,03__CHD__davp_20210413190851.pdf,
193475,06116/11/0001/2122,06116,"STQC DIRECTORATE ELECTRONICS TEST AND DEV. CENTER SOLAN ,SOLAN",DNA1202100005513_20210611161104.pdf,
72255,10202/11/0009/2122,10202,"DG ORDNANCE SERVICES 1 FIELD ORDNANCE DEPOT,[56 APO]",DNA1202100010007_20211005152228.pdf,
188806,23145/11/0002/2122,23145,"ESIC  ,CHANDIGARH",DNA1202100013227_20211210180338.pdf,
16988,17147/11/0010/2122,17147,"RAM MANOHAR LOHIA HOSPITAL, NEW DELHI",DNA1202100013794_20211221182920.pdf,
NI577,54101/11/0010/2122,54101,"NITI AAYOG,NATIONAL INST.FOR TRANSFORMING INDIA",DNA1202200002352_20220222195811.pdf,
MO923,10622/11/0012/2223,10622,MOD-CHEQUE SELECTION CENTRE EAST ALLAHABAD,DNA1202200005036_20220415144114.pdf,
CI198,36212/12/0001/2223,36212,CISR-CENTRAL SALT&MARINE CHEMICALS RESEARCH.INSTT.,DNA1202200006149_20220509183507.pdf,
120589,06141/12/0013/2223,06141,"NATIONAL INSTITUTE OF ELECTRONICS & INFORMATION TECHNOLOGY,[CHANDIGARH]",DNA1202200010042_20220726184143.pdf,
IN925,36127/12/0001/2223,36127,INDIAN INSTT. OF GEOMAGNETISM,DNA1202200010907_20220812212934.pdf,
229101,37112/12/0004/2223,37112,"NATIONAL HIGHWAY & INFRASTRUCTURE DEVELOPMET CORPRATION LTD , ,DEHRADUN",DNA1202200012305_20220914164445.pdf,
IN949,19112/11/0092/2223,19112,INDO TIBETAN BORDER POLICE 45TH BN,DNA1202200012595_20220920160636.pdf,
IN692,36304/12/0013/2223,36304,INST FOR STEM CELL SCIENCE & REGENERATION MEDICINE,DNA1202200013239_20220929184555.pdf,
BO43,19110/11/0134/2223,19110,"BORDER SECURITY FORCE 178 BSF PO-BAAD,MATHURA",DNA1202300002219_20230214155738.pdf,
118859,32205/11/0003/2324,32205,"CENTRAL BUREAU OF INVESTIGATION, SPECIAL CRIME-1,[NEW DELHI]",DNA1202300008311_20230609191407.pdf,
18288,07104/11/0032/2324,07104,"OFFICE OF THE LIQUIDATOR, HIGH COURT, NEW DELHI",DNA1202300018249_20231129190110.pdf,
NA2238,66102/12/0005/2324,66102,NATIONAL COOPERATIVE DEVELOPMENT CORPORATION,DNA1202300018399_20231201162552.pdf,
16838,08201/11/0008/2324,08201,"MINISTRY OF CONSUMER AFFAIRS, NEW DELHI",DNA1202400003187_20240212200721.pdf,
NA2758,15229/12/0001/2424,15229,NATIONAL LAND MONETIZATION CORPORATION LIMITED,DNA1202400011727_20240722150303.pdf,
166395,58102/11/0004/2425,58102,"NATIONAL TECHNICAL RESEARCH ORGANISATION ,NEW DELHI",DNA1202400014264_20240906181454.pdf,
17000,09114/12/0014/2425,09114,"SANGEET NATAK AKADEMI, NEW DELHI",DNA1202500001218_20250121171944.pdf,
HQ13,10631/11/0001/2526,10631,"HQ ARMY TRAINING COMMAND,SHIMLA",DNA1202500012124_20250718153741.pdf,
32064,21213/12/0001/2526,21213,"INDIAN INSTITUTE OF ADVANCED  STUDY,SHIMLA[SHIMLA]",DNA1202500010245_20250618190106.pdf,
12858,27104/12/0006/2526,27104,"NATIONAL MINORITIES DEVELOPMENT & FINANC, LUCKNOW",DNA1202500014074_20250819171956.pdf,
NA3045,35104/11/0002/2526,35104,"NATIONAL RURAL ROADS DEV.AGENCY,NEW DELHI",DNA1202500015302_20250906193805.pdf,
NC35,17222/12/0001/2526,17222,"NCISM,NEW DELHI",DNA1202500014353_20250822184751.pdf,
CS52,36210/11/0004/2526,36210,"CSIR-NISCAIR VIGYAN SANCHAR MARG,NEW DELHI",DNA1202500014598_20250827170215.pdf,
SP335,49109/11/0002/2526,49109,SPACE CENTRE-SDSC-SRIHARIKOTA,DNA1202500018398_20251015163038.pdf,
149216,10702/11/0078/1819,10702,"NATIONAL HYDROGRAPHIC OFFICE ,,[DEHRADUN",,
41125,10102/11/0722/1819,10102,"MILITARY ENGINEERING SERVICE GARRISON ENGINEER AF,[NEW DELHI]",,
131097,19127/11/0003/1819,19127,"DTE GENERAL OF FIRE SERVICES., [NEW DELHI]",,
15814,17101/13/0030/1819,17101,"DEPT OF FAMILY WELFARE, NEW DELHI",,
123290,19112/11/0284/1819,19112,"INDO TIBETAN BORDER POLICE,[GAGWAL]",,
CE11,19111/11/0581/1819,19111,"CENTRAL RESERVE POLICE FORCE,BANTLAB,JAMMU",,
183842,19112/11/0098/1920,19112,"INDO TIBTEN BORDER POLICE ,CHANDIGARH",,
BI96,17213/13/0005/1920,17213,BIMLESH KUMAR ADMINISTRATIVE OFFICER,,DNA1201900010024.pdf
143202,17205/11/0020/1920,17205,"CENTRAL COUNCIL FOR YOGA & NATUROPATHY., [NEW DELHI]",,DNA1202000002458.pdf
NA816,45122/11/0002/2021,45122,"NATIONAL WATER INFORMATICS CENTRE,NEW DELHI",DNA1202000005606_20200522203001.pdf,
IN454,19112/11/0048/2021,19112,"INDO TIBETAN BORDER POLICE,YUPIA,PAPUMPARE A.P",DNA1202000007364_20200721155815.pdf,
16834,05101/11/0003/2021,05101,"MINISTRY OF COMMERCE, NEW DELHI",DNA1202000009305_20200917172355.pdf,
123461,19112/11/0175/2021,19112,"INDO TIBETAN BORDER POLICE,[SURAJPUR]",DNA1202100000181_20210107163201.pdf,
NA739,43107/11/0004/2122,43107,NATIONAL EDUCATION SOCIETY GKP,DSL__davp_release_order_20210428212927.pdf,
170313,25113/11/0003/2122,25113,"MSME DEVELOPMENT INSTT., [MSME] ,MICRO SMALL & ENTERPRISES FRAGRANCE,",davp_release_order_20210722155959.pdf,
131317,19112/11/0162/2122,19112,"INDO-TIBETAN BORDER POLICE FORCE,[RAI BARELI]",DNA1202100013187_20211209190753.pdf,
HQ11,10610/11/0015/2122,10610,HQ 21 MOVEMENT CONTROL GROUP -56 APO,DNA1202200001120_20220128161742.pdf,
140013,06341/12/0005/2122,06341,DEPARTMENT OF POSTS OFFICE OF SR. SUPDT. OF POST OFFICERS CHANDI,DNA1202200003663_20220322144424.pdf,
269,12111/12/0001/2122,12111,NATIONAL CENTRE FOR POLAR AND OCEAN RESEARCH,DNA1202200003675_20220322171127.pdf,
NA1988,19138/11/0002/2223,19138,NATIONAL INTELLIGENCE GRID-NATGRID,DNA1202200008856_20220701163312.pdf,
16956,10201/12/0008/2223,10201,"ORDNANCE FACTORY BOARD, NEW DELHI",DNA1202200009820_20220721175126.pdf,
29477,09122/12/0006/2223,09122,"NATIONAL LIBRARY,[KOLKATA]",DNA1202200014547_20221021201148.pdf,
151131,10602/11/0048/2223,10602,"HEADQUARTERS CENTRAL COMMAND ,NEW DELHI",DNA1202200016054_20221125151750.pdf,
NA110,10702/11/0095/2223,10702,NAVAL DOCKYARD,DNA1202200016309_20221201154226.pdf,
92864,06155/12/0007/2324,06155,"MINISTRY OF COMMUNICATION & INFORMATION TECHNOLOGY,[JAMMU]",DNA1202300009946_20230708193107.pdf,
IN1153,19112/11/0162/2324,19112,INDIAN TIBBAT BORDER POLICE,DNA1202400005842_20240314200846.pdf,
CE177,21317/12/0002/2425,21317,CENTRAL UNIVERSITY OF ODISHA,DNA1202400014496_20240913170847.pdf,
18733,22532/12/0001/2425,22532,DOORDARSHAN NEW DELHI,DNA1202500002745_20250215181223.pdf,
15723,06140/12/0002/2526,06140,"CDAC-CENTRE FOR DEV OF ADVANCE COMPG, NEW DELHI",DNA1202500006750_20250425184304.pdf,
82860,48148/12/0003/2526,48148,"NARORA ATOMIC POWER STATION,NUCLEAR,[NEW DELHI]",DNA1202500013598_20250811150136.pdf,
BR705,22113/12/0005/2526,22113,BROADCASTING ENGINEER CONSULTANT INDIA LTD NOIDA,"DNA1202500023213A_20251229180050.png,DNA1202500023213_20251229180100.pdf",
65987,10202/11/0032/1819,10202,"ORDNANCE SERVICES,[DELHI CANTT]",,
82912,41102/13/0052/1819,41102,"MINISTRY OF TEXTILE,GOI,[JAMMU]",,
16164,19128/11/0001/1920,19128,"NATIONAL FOUNDATION FOR COMMUNAL HARMONI, NEW DELHI",,
120089,10403/11/0002/1920,10403,"CEREMONIAL & WELFARE DTE ADJ. GEN. BR, IHQ OF MODY[ARMY],[NEW DELHI]",,DNA1201900011920.pdf
123893,19112/11/0034/2021,19112,"INDO TIBETAN BORDER POLICE,[GARHI]",DNA1202000006728_20200629182750.pdf,
25236,19109/11/0004/2021,19109,"RGI[VS DIVN.] & DIRECTORS OF CENSUS OPERATION,[NEW DELHI]",DNA1202000010501_20201016174209.pdf,
143182,19110/11/0065/2021,19110,"BORDER SECURITY FORCE, RAJASTHAN FRONTIER., [JODHPUR]",JMUdavp65_release_order_20210224184104.pdf,
HI335,10603/11/0002/2122,10603,HIGH ALTITUDE WALFARE SCHOOL 900448 C/O 56APO,DNA1202100008407_20210827161139.pdf,
111766,19112/11/0144/2122,19112,"INDO TIBETAN BORDER POLICE,[JABALPUR]",DNA1202100012462_20211126163517.pdf,
IN788,19112/11/0172/2122,19112,INDO TIBETAN BORDER POLICE 26TH BN,DNA1202100013951_20211224153857.pdf,
DI999,44102/11/0003/2122,44102,DIR.OF ESTATES MINISTRY HOUSING AND URBAN AFFAIRS,DNA1202200000376_20220108155101.pdf,
128145,45104/11/0002/2122,45104,"CENTRAL GROUND WATER AUTHORITY, [NEW DELHI]",DNA1202200003467_20220316185650.pdf,
24649,09114/12/0003/2223,09114,"SANGEET NATAK ACADEMY ,LUCKNOW",DNA1202200008362_20220620201327.pdf,
115418,05207/12/0003/2223,05207,"NATIONAL COUNCIL FOR CEMENT & BUILDING MATERIALS,[BALLABHGARH]",DNA1202200009760_20220720175940.pdf,
OF76,41117/15/0001/2223,41117,"OFFICE OF THE JUTE COMMISSIONER,KOLKATA",DNA1202200011010_20220814182003.pdf,
MO1026,10622/11/0067/2223,10622,813 COMB ENGG TRG CAMP PIN-913813 56APO,DNA1202200012425_20220916153640.pdf,
NO103,19101/11/0010/2223,19101,NORTH EASTERN POLICE ACADEMY DELHI,DNA1202200016388_20221202181428.pdf,
NA1772,06107/12/0007/2223,06107,NATIONAL INFORMATICS CENTRE SERVICES INFORPORATED,DNA1202300003662_20230314182056.pdf,
NA1935,38113/12/0015/2324,38113,NATIONAL INSTITUTE FOR LOCOMOTOR DISABILITIED KOLK,DNA1202300008270_20230609171508.pdf,
IN1143,19112/11/0054/2324,19112,"INDO TIBETAN BORDER POLICE 15TH BN,JMMU",DNA1202300010879_20230726162502.pdf,
NA562,38122/12/0003/2324,38122,NATIONAL INST OF MENTAL HEALTH REHABILITATION,DNA1202300010446_20230719150426.pdf,
OF94,06334/12/0002/2324,06334,OFFICE OF THE SENIOR MANAGER MAIL MOTOR SERVICE,DNA1202300010547_20230720191819.pdf,
NA1603,06148/12/0003/2324,06148,NATIONAL INSTITUTE OF ELECTRONICS AND INFORMATION,DNA1202400001058_20240116145447.pdf,
EN117,15304/11/0004/2425,15304,"ENFORCEMENT DIRECTORATE,FOREIGN EXCHANGE ACT.",DNA1202400007363_20240418181336.pdf,
16888,37107/15/0054/2324,37107,"NATIONAL HIGHWAYS AUTHORITY OF [I] ,NEW DELHI",DNA1202400004842_20240304214438.pdf,
16911,09103/12/0011/2425,09103,"NATIONAL MUSEUM INSTITUTE, NEW DELHI",DNA1202400019289_20241206154705.pdf,
AS1507,15304/11/0015/2425,15304,"ASSISTANT LEGAL ADVISER,NEW DELHI",DNA1202500002182_20250206182540.pdf,
16664,21201/11/0009/2526,21201,"DIRECTORATE OF HIGHER EDUCATION, NEW DELHI",DNA1202500009179_20250606151241.pdf,
NO254,17217/12/0001/2526,17217,NORTH EAST INSTITUTE OF AYURVEDA & HOMOEOPATHY,DNA1202500007537_20250509190308.pdf,
GO658,15319/12/0001/2526,15319,GOODS & SERVICE TAX NETWORK DELHI,DNA1202500007314_20250506182000.pdf,
32273,06266/12/0001/2526,06266,"BHARAT SANCHAR NIGAM LIMITED ,[HALDWANI]",DNA1202500013391_20250807191641.pdf,
SH3246,45128/12/0003/2526,45128,SHYAMA PRASAD MUKHARGEE PORT KOLKATA,"DNA1202500012523_20250725152135.pdf,DNA1202500012523-A_20250725152141.pdf",
155276,06256/11/0001/2526,06256,"CONTROLLER OF COMMUNICATION ACCOUNTS, [SHIMLA] ,SHIMLA",DNA1202500019559_20251031182733.pdf,
TA726,48149/12/0007/2526,48149,"TATA MEMORIAL CENTRE,MUMBAI",DNA1202500022419_20251216174434.pdf,
131608,15111/11/0001/1819,15111,"DEPTT. OF EXPENDITURE., [NEW DELHI]",,
92299,06345/13/0001/1819,06345,"CHIEF POSTMASTER GEN.HP CIRCLE,[SHIMLA]",,
33134,10110/13/0004/1819,10110,"DG NCC MINISTRY OF DEFENCE,[NEW DELHI]",,
18796,10201/13/0060/1819,10201,ORDNANCE FACTORY BOARD KOLKATA,,
15489,37201/13/0009/1819,37201,"SHIPPING CORP OF INDIA, MUMBAI",,
39644,10201/11/0062/1819,10201,"ORDNANCE CABEL FACTORY,[CHANDIGARH]",,
120801,06146/11/0027/1920,06146,"NATIONAL INSTITUTE OF ELECTRONICS AND INFORMATION TECHNOLOGY ,LUCKNOW",,DNA1201900013734.pdf
145960,35202/11/0003/1920,35202,"NATIONAL RURAL LIVELIHOODS PROMOTION SOCIETY,",,DNA1201900019725.pdf
68878,10201/11/0071/1920,10201,"DEPT OF DEFENCE PRODUCTION & SUPPLIES,[ISHAPORE-NAWABGANJ]",,DNA1202000000194.pdf
AR321,10150/11/0001/1920,10150,"ARMED FORCES MEDICAL DEPOT,",,DNA1202000001241.pdf
DT4,10401/11/0002/2021,10401,D/O ESM WELFARE,DNA1202000008203_20200818191227.pdf,
DT5,19132/11/0001/2021,19132,"DTE.OF NATIONAL DISASTER RESPONSE FORCE,GHAZIABAD",DNA1202000009168_20200914152327.pdf,
18601,10202/11/0010/2021,10202,"IHQ OF MOD [ARMY], NEW DELHI",DEL_10_davp_release_order_20210226152323.pdf,
MI3,33115/11/0001/2122,33115,"MINISTRY OF PETROLIUM, NEW DELHI",DNA1202100007670_20210810172304.pdf,
BO108,19110/11/0102/2122,19110,BORDER SECURITY FORCE BN HQ 157 BN,DNA1202200004084_20220329184720.pdf,
93233,10202/11/0009/2223,10202,ORDNANCE SERVICES 29 EQUIPMENT DEPOT,DNA1202200014548_20221021201611.pdf,
106362,10301/11/0193/2223,10301,"DEPT OF DEFENCE RESEARCH & DEVELOPMENT/DRDO,[HYDERABAD]",DNA1202300003080_20230302153554.pdf,
IS154,49112/12/0001/2324,49112,ISRO-HYDERABAD,DNA1202300018637_20231205145348.pdf,
IN1196,19112/11/0122/2324,19112,"INDO TIBETAN BORDER POLICE 52ND BN,PUNJAB",DNA1202300019185_20231212211345.pdf,
OR158,10201/11/0001/2526,10201,"ORDANACE FACTORY,HOSHANGABAD",DNA1202500006883_20250428185111.pdf,
DE2490,49121/12/0009/2526,49121,"DEPARTMENT OF SPACE, AHMEDABAD",DNA1202500010217_20251219154903.pdf,
